Year,City,ONS Code,Train operator,AM peak arrivals (07:00-09:59): Number of services,AM peak arrivals (07:00-09:59): PIXC ,AM peak arrivals (07:00-09:59): Passengers standing ,PM peak arrivals (16:00-18:59): Number of services,PM peak arrivals (16:00-18:59): PIXC ,PM peak arrivals (16:00-18:59): Passengers standing ,Notes,Notes1
2011,Birmingham,E08000025,Arriva Trains Wales,6,0,0.053314121037464,6,0,0.00745341614906832,,
2011,Birmingham,E08000025,Chiltern Railways [note 2],8,0,0.13040901007706,8,0,0.0109739368998628,,
2011,Birmingham,E08000025,CrossCountry,36,0.0127553967948589,0.0488070817361228,42,0.0120683851855691,0.0570784355652561,,
2011,Birmingham,E08000025,London Midland,112,0.0411841398880282,0.160288365672214,115,0.0129318240099645,0.115250760156794,,
2011,Birmingham,E08000025,Virgin Trains,15,0,0.00977040828603936,15,0,0.0303645315318847,,
2011,Birmingham,E08000025,Total,177,0.0311499706040323,0.128744587220997,186,0.0109069822866099,0.0912606789286041,,
2011,Bristol,E06000023,CrossCountry,9,0.00468927757517884,0.00468927757517884,10,0.0127583496881873,0.0239386929675726,,
2011,Bristol,E06000023,First Great Western,42,0.00854910345382215,0.0461797462267502,42,0.00782198868730624,0.0890765697723706,,
2011,Bristol,E06000023,South West Trains,1,,,0,,,[r],[x]
2011,Bristol,E06000023,Total,52,0.00773496409799316,0.0382330527578805,52,0.00881479367485311,0.0759759863753146,,
2011,Cardiff,W06000015,Arriva Trains Wales,95,0.00908304498269896,0.0646626297577855,97,0.00550346514472075,0.0595189563799429,,
2011,Cardiff,W06000015,CrossCountry,3,0,0,3,0,0,,
2011,Cardiff,W06000015,First Great Western,15,0,0,15,0,0,,
2011,Cardiff,W06000015,Total,113,0.00732522266786367,0.0521486089926485,115,0.00430884198680643,0.0465993281536103,,
2011,Leeds,E08000035,CrossCountry,4,0.00089014942985071,0.00089014942985071,8,0.0132641045683433,0.0464416788238049,,
2011,Leeds,E08000035,East Coast,6,0,0.00219056063698787,6,0,0,,
2011,Leeds,E08000035,First TransPennine Express,22,0.0527200846712033,0.218978867563711,25,0.0246906625725315,0.178686953434523,,
2011,Leeds,E08000035,Northern Rail,77,0.0144730890999548,0.127737933708083,75,0.0135266325804155,0.118568377451298,,
2011,Leeds,E08000035,Total,109,0.0215587920130352,0.135190212577878,114,0.0148010438641971,0.116840328353363,,
2011,Leicester,E06000016,CrossCountry,10,0,0,10,0,0.00359538841574396,,
2011,Leicester,E06000016,East Midlands Trains,28,0.00748997901669447,0.0137750534002921,27,0.00785221322035349,0.0241947167457196,,
2011,Leicester,E06000016,Total,38,0.00603856241914504,0.0111057079865399,37,0.00636164423504817,0.0202843899289192,,
2011,Liverpool,E08000012,East Midlands Trains,2,,,3,0,0,[r],
2011,Liverpool,E08000012,First TransPennine Express,3,0,0,3,0,0.175773637749421,,
2011,Liverpool,E08000012,London Midland,6,0,0,6,0,0,,
2011,Liverpool,E08000012,Merseyrail [note 2],90,0.000120853223759744,0.0377666324249199,95,0,0.0371600836717116,,
2011,Liverpool,E08000012,Northern Rail,23,0,0.0422264875239923,26,0.0224407463439233,0.14952092788704,,
2011,Liverpool,E08000012,Virgin Trains,2,,,3,0,0,[r],
2011,Liverpool,E08000012,Total,126,0.00107262549930651,0.039355891481908,136,0.00396225441936795,0.057733884659211,,
2011,London ,E12000007,c2c,48,0.0388489208633093,0.212725819344524,44,0.00983926693705874,0.108757698663061,,
2011,London ,E12000007,Chiltern Railways [note 2],43,0.0492034842658715,0.0838107196107667,46,0.0121914956883735,0.0505501040737437,,
2011,London ,E12000007,East Coast,14,0,0,16,0.00146607701056327,0.00146607701056327,,
2011,London ,E12000007,East Midlands Trains,13,0.109687953077582,0.109687953077582,15,0.09788225394706,0.107256237586333,,
2011,London ,E12000007,First Capital Connect,120,0.0316486397569034,0.157871633759393,123,0.0141374599966606,0.0922249991435751,,
2011,London ,E12000007,First Great Western,66,0.106994259280317,0.182111059395016,60,0.0894922302885079,0.150567868693065,,
2011,London ,E12000007,London Midland,25,0.0467296161003515,0.169067475360121,24,0.106359945872801,0.1851150202977,,
2011,London ,E12000007,London Overground,9,0,0.484503726951746,9,0,0.40784136998648,,
2011,London ,E12000007,National Express East Anglia [note 2],154,0.0486065389262963,0.164203604527466,150,0.0321309438350322,0.0944809988011773,,
2011,London ,E12000007,South West Trains,148,0.0414824030246776,0.289822815321664,149,0.0244984545900387,0.221683641464889,,
2011,London ,E12000007,Southeastern,206,0.0155051902314219,0.179388577637693,198,0.000170008500425021,0.0900845042252113,,
2011,London ,E12000007,Southern,162,0.0571655289360407,0.255565459367799,157,0.0154759352556544,0.151007610676385,,
2011,London ,E12000007,Virgin Trains,28,0.0149920106605776,0.0149920106605776,32,0.00454443085589513,0.00454443085589513,,
2011,London ,E12000007,Total,1036,0.0408426608401976,0.203380318157602,1023,0.0228032421725976,0.129299715550242,,
2011,Manchester,E08000003,Arriva Trains Wales,7,0.0775716694772344,0.09106239460371,7,0,0.0339847068819031,,
2011,Manchester,E08000003,CrossCountry,6,0,0.011370790464889,6,0,0.0809041713848696,,
2011,Manchester,E08000003,East Midland Trains,6,0,0.110865730329514,6,0.0281422894706638,0.152790215955898,,
2011,Manchester,E08000003,First TransPennine Express,37,0.0230431024879277,0.245210214942893,38,0.0269366197053549,0.221851269682404,,
2011,Manchester,E08000003,Northern Rail,115,0.0123031496062992,0.108705161854768,116,0.029389721627409,0.115524625267666,,
2011,Manchester,E08000003,Virgin Trains,5,0,0,9,0,0.0117585237956945,,
2011,Manchester,E08000003,Total,176,0.0162309976278865,0.135539756269675,182,0.0247335518138583,0.131374932852863,,
2011,Newcastle,E08000021,CrossCountry,7,0,0.0411267707538392,9,0,0,,
2011,Newcastle,E08000021,East Coast,11,0,0,9,0,0,,
2011,Newcastle,E08000021,First TransPennine Express,2,,,3,0,0.253875374799028,[r],
2011,Newcastle,E08000021,Northern Rail,12,0.00542215336948102,0.0844306738962045,17,0,0.0400890868596882,,
2011,Newcastle,E08000021,Total,32,0.00185722759606055,0.041882372498644,38,0,0.0403931047597244,,
2011,Nottingham,E06000018,CrossCountry,5,0,0,6,0,0,,
2011,Nottingham,E06000018,East Midlands Trains,26,0,0.0101504545359273,31,0.0036265360625997,0.0330586085322873,,
2011,Nottingham,E06000018,Northern Rail,3,0,0,3,0,0,,
2011,Nottingham,E06000018,Total,34,0,0.00826674854635577,40,0.00292646468323074,0.0266769304583,,
2011,Sheffield,E08000019,CrossCountry,12,0.0752140412534984,0.0752140412534984,12,0,0,,
2011,Sheffield,E08000019,East Midlands Trains,11,0,0.0462892787834587,12,0,0.0320338650927566,,
2011,Sheffield,E08000019,First TransPennine Express,5,0,0.00675837668745666,6,0.01751422904975,0.122491899859854,,
2011,Sheffield,E08000019,Northern Rail,30,0.00474083438685209,0.0657395701643489,32,0.0209914011127972,0.119878603945372,,
2011,Sheffield,E08000019,Total,58,0.0213888183152913,0.0596360068462705,62,0.0114993621379843,0.074352915949779,,
2012,Birmingham,E08000025,Arriva Trains Wales,6,0,0.0529411764705882,6,0,0.0425284358763465,,
2012,Birmingham,E08000025,Chiltern Railways [note 2],8,0,0.178192831903079,7,0,0.000816326530612245,,
2012,Birmingham,E08000025,CrossCountry,36,0.016979817673864,0.0707747392679571,42,0.0351051936569251,0.0917103047854424,,
2012,Birmingham,E08000025,London Midland [note 4],115,0.00256957621758381,0.0757827324478178,119,0.00567571713452984,0.0877435189446234,,
2012,Birmingham,E08000025,Virgin Trains,15,0,0.0140713905130578,15,0,0.0307981563322048,,
2012,Birmingham,E08000025,Total [note 4],180,0.00461729856884521,0.0756340855663044,189,0.0105708184061673,0.0793242938826496,,
2012,Bristol,E06000023,CrossCountry,9,0.000155390809630786,0.0128430643992433,10,0.021947350991548,0.0278308534457105,,
2012,Bristol,E06000023,First Great Western,42,0.00619305859238734,0.0704746167995075,42,0,0.0671895233828077,,
2012,Bristol,E06000023,South West Trains,1,,,0,,,[r],[x]
2012,Bristol,E06000023,Total,52,0.00513814938524541,0.0603042056313796,52,0.00443383428971499,0.0592382302890817,,
2012,Cardiff,W06000015,Arriva Trains Wales,96,0.00666787274183961,0.086758156083357,97,0,0.0444876002087354,,
2012,Cardiff,W06000015,CrossCountry,3,0,0,3,0,0,,
2012,Cardiff,W06000015,First Great Western,15,0,0,15,0,0,,
2012,Cardiff,W06000015,Total,114,0.00530683628517803,0.0690492078304534,115,0,0.0336426862241112,,
2012,Leeds,E08000035,CrossCountry,4,0,0,8,0.00836366109744349,0.0478212048862126,,
2012,Leeds,E08000035,East Coast,6,0,0,6,0,0,,
2012,Leeds,E08000035,First TransPennine Express,22,0.0252962108210349,0.204850392831458,25,0.0342151538441585,0.220025915437928,,
2012,Leeds,E08000035,Northern Rail,81,0.0229506195446499,0.119208936092291,77,0.00998219735503561,0.100457782299084,,
2012,Leeds,E08000035,Total,113,0.0215825706394366,0.127694169423071,116,0.0145391483474361,0.116984449998891,,
2012,Leicester,E06000016,CrossCountry,10,0,0,10,0,0.0032756068937046,,
2012,Leicester,E06000016,East Midlands Trains,28,0.00410184617191406,0.00610308106280614,27,0.01518199855906,0.035001337615881,,
2012,Leicester,E06000016,Total,38,0.00327399565001509,0.00487133354442513,37,0.0122269054575198,0.0288260974040134,,
2012,Liverpool,E08000012,East Midlands Trains,2,,,3,0,0,[r],
2012,Liverpool,E08000012,First TransPennine Express,3,0,0,3,0,0.167122918660357,,
2012,Liverpool,E08000012,London Midland,6,0,0,6,0,0,,
2012,Liverpool,E08000012,Merseyrail [note 2],90,0.0009268413247652,0.0422021749876421,95,0.00220816423967534,0.0466101694915254,,
2012,Liverpool,E08000012,Northern Rail,23,0.00850288490737929,0.070452474946857,26,0.00102145045965271,0.093973442288049,,
2012,Liverpool,E08000012,Virgin Trains,2,,,3,0,0,[r],
2012,Liverpool,E08000012,TotalR,126,0.00204517074081442,0.0435193308801209,136,0.00178811704193999,0.0540775047093228,,
2012,London ,E12000007,c2c,48,0.0460574348990022,0.24771842297396,44,0.00956425537989365,0.14207201741551,,
2012,London ,E12000007,Chiltern Railways [note 2],41,0.0865794278758369,0.11488131466829,44,0.00895719404110881,0.0252687158212333,,
2012,London ,E12000007,East Coast,14,0,0,16,0.00218233706007669,0.00218233706007669,,
2012,London ,E12000007,East Midlands Trains,13,0.0717056598946523,0.0717056598946523,15,0.0881266471830493,0.0881266471830493,,
2012,London ,E12000007,First Capital Connect,120,0.0188449082305006,0.117237810134552,124,0.0066596025222104,0.0723786523928458,,
2012,London ,E12000007,First Great Western,66,0.0960065748117547,0.152519826860397,60,0.0442258997241074,0.102866908207782,,
2012,London ,E12000007,Greater Anglia [note 2],159,0.042523584324067,0.136070953885551,155,0.0179413209536434,0.07525406599192,,
2012,London ,E12000007,London Midland,25,0.0182424758659852,0.120528109028961,24,0.0744780755616557,0.139998555226468,,
2012,London ,E12000007,London Overground,8,0,0.479732739420935,9,0,0.408374606033318,,
2012,London ,E12000007,South West Trains,148,0.0507559501063131,0.277638966459919,149,0.031759695541863,0.223280627038782,,
2012,London ,E12000007,Southeastern,206,0.0212256828490727,0.185813701659132,198,0.00200670813863486,0.0961786543588567,,
2012,London ,E12000007,Southern,165,0.0570284931795439,0.250571443619318,157,0.0170537205668409,0.134584298722992,,
2012,London ,E12000007,Virgin Trains,28,0.00720298322936202,0.00720298322936202,32,0.0130628193231853,0.0130628193231853,,
2012,London ,E12000007,Total,1041,0.0417374763310819,0.197764034912555,1027,0.0177346678992365,0.123554550661453,,
2012,Manchester,E08000003,Arriva Trains Wales,7,0.06626868941344,0.06626868941344,7,0,0.0135021097046414,,
2012,Manchester,E08000003,CrossCountry,6,0,0.03227429528327,6,0.0208803897948902,0.119701439541685,,
2012,Manchester,E08000003,East Midland Trains,6,0,0.0966827360018967,6,0,0.0609494851772511,,
2012,Manchester,E08000003,First TransPennine Express,37,0.030771984605844,0.254691914292397,38,0.00989007673689858,0.232444411184682,,
2012,Manchester,E08000003,Northern Rail,115,0.0167323365898419,0.0774545258271712,116,0.0102990691225985,0.0940285204991087,,
2012,Manchester,E08000003,Virgin Trains,5,0,0,9,0.0265003780421161,0.0795011341263484,,
2012,Manchester,E08000003,Total,176,0.0203941282671232,0.118442900683636,182,0.010822658650754,0.120674194191752,,
2012,Newcastle,E08000021,CrossCountry,7,0,0.00459446337189902,9,0,0,,
2012,Newcastle,E08000021,East Coast,11,0,0,9,0,0,,
2012,Newcastle,E08000021,First TransPennine Express,2,,,3,0,0.20810943618638,[r],
2012,Newcastle,E08000021,Northern Rail,13,0,0.0399144689950107,17,0.00961538461538462,0.0638736263736264,,
2012,Newcastle,E08000021,Total,33,0,0.0151123152632352,38,0.00269129885663623,0.0410646837913391,,
2012,Nottingham,E06000018,CrossCountry,5,0,0,6,0,0,,
2012,Nottingham,E06000018,East Midlands Trains,26,0.00203335174217466,0.0315817511251611,31,0,0.0271273608240208,,
2012,Nottingham,E06000018,Northern Rail,3,0,0,3,0,0,,
2012,Nottingham,E06000018,Total,34,0.00164655961553891,0.0255741468198099,40,0,0.0216443919721207,,
2012,Sheffield,E08000019,CrossCountry,12,0.0779723139654103,0.0779723139654103,12,0,0,,
2012,Sheffield,E08000019,East Midlands Trains,11,0,0.00492368490714962,12,0.00456596809851821,0.00456596809851821,,
2012,Sheffield,E08000019,First TransPennine Express,5,0.0371395537074532,0.126326867689831,6,0.0922077931489541,0.220853596097954,,
2012,Sheffield,E08000019,Northern Rail,30,0,0.0609756097560976,33,0.00367466927976482,0.0970112689857913,,
2012,Sheffield,E08000019,Total,58,0.0231910426352861,0.0631819162583669,63,0.0138300082957468,0.0718249303077462,,
2013,Birmingham,E08000025,Arriva Trains Wales,6,0,0.0227912898684275,6,0,0.0214267698103972,,
2013,Birmingham,E08000025,Chiltern Railways [note 2],10,0,0.130516431924883,8,0,0.0311004784688995,,
2013,Birmingham,E08000025,CrossCountry,36,0.022574862644965,0.0895339008943261,42,0.039295686775276,0.0990850752735627,,
2013,Birmingham,E08000025,London Midland,115,0.00499412455934195,0.0978628084606346,118,0.00281846838494345,0.0983126274800667,,
2013,Birmingham,E08000025,Virgin Trains,15,0,0,15,0,0.0132648597955315,,
2013,Birmingham,E08000025,Total,182,0.00711485045234692,0.089566996017212,189,0.00915423055861253,0.085347620278319,,
2013,Bristol,E06000023,CrossCountry,9,0.0144588833001435,0.0384869868793933,10,0.021104397282607,0.0337133411774355,,
2013,Bristol,E06000023,First Great Western,42,0.0119260155925349,0.0530358101160216,42,0.00455382580164625,0.0854673594854722,,
2013,Bristol,E06000023,Total,51,0.0123527601913051,0.0505845838968067,52,0.00780812012205168,0.0752911061741137,,
2013,Cardiff,W06000015,Arriva Trains Wales,96,0.0120847091895933,0.100349471770269,99,0.00476019930051582,0.0668534830866265,,
2013,Cardiff,W06000015,CrossCountry,3,0,0,3,0,0.012388162422574,,
2013,Cardiff,W06000015,First Great Western,15,0,0,15,0,0,,
2013,Cardiff,W06000015,Total,114,0.00954409133068824,0.0792525917286061,117,0.00374722461778915,0.0528739209054623,,
2013,Leeds,E08000035,CrossCountry,4,0.0242483355168584,0.0497787669346081,8,0.020081895659812,0.0640738914803911,,
2013,Leeds,E08000035,East Coast,6,0,0,6,0,0,,
2013,Leeds,E08000035,First TransPennine Express,22,0.0332997033877649,0.208918030433876,25,0.041441423881243,0.216522077500837,,
2013,Leeds,E08000035,Northern Rail,81,0.0111864603257405,0.117660696690431,78,0.00886675573909875,0.107919348961496,,
2013,Leeds,E08000035,Total,113,0.0154016340347635,0.127073678089243,117,0.0155861987342026,0.119655549278453,,
2013,Leicester,E06000016,CrossCountry,10,0,0,10,0,0.00292393995210167,,
2013,Leicester,E06000016,East Midlands Trains,28,0.0143497356839368,0.0227406828211541,27,0.0113033978343243,0.037363381541359,,
2013,Leicester,E06000016,Total,38,0.0115576631046367,0.0183159576319243,37,0.00897407332871334,0.0302663443115613,,
2013,Liverpool,E08000012,East Midlands Trains,2,,,3,0,0,[r],
2013,Liverpool,E08000012,First TransPennine Express,3,0,0,3,0,0.141051415527199,,
2013,Liverpool,E08000012,London Midland,6,0,0,6,0,0,,
2013,Liverpool,E08000012,Merseyrail [note 2],90,0.000611920205605189,0.0447925590502998,95,0.000475398145947231,0.052234371285952,,
2013,Liverpool,E08000012,Northern Rail,23,0.0129070108536228,0.0689351716045761,26,0,0.104690334283493,,
2013,Liverpool,E08000012,Virgin Trains,2,,,3,0,0,[r],
2013,Liverpool,E08000012,Total,126,0.00254132124645405,0.045508474913353,136,0.000346696566560543,0.0590726992167385,,
2013,London ,E12000007,c2c,47,0.0600534743293177,0.265418932315919,44,0.0161528679932639,0.163040863319243,,
2013,London ,E12000007,Chiltern Railways [note 2],44,0.0352834740651387,0.069059107358263,44,0.0118869419741129,0.0320507176190895,,
2013,London ,E12000007,East Coast,14,0.00468670410510837,0.00468670410510837,16,0,0,,
2013,London ,E12000007,East Midlands Trains,13,0.125189839567169,0.125189839567169,15,0.0912183847809378,0.0912183847809378,,
2013,London ,E12000007,First Capital Connect,120,0.0362739355850388,0.179080073546705,124,0.0109262396773905,0.0813573412477688,,
2013,London ,E12000007,First Great Western,64,0.0976850992086514,0.161938698980456,60,0.0868410275339368,0.151987099159735,,
2013,London ,E12000007,Greater Anglia [note 2],159,0.0349974915707688,0.134770986951069,155,0.0153006734856111,0.0749000445926876,,
2013,London ,E12000007,London Midland,26,0.0700520217545519,0.208973752660203,25,0.0834640727957327,0.195920928773141,,
2013,London ,E12000007,London Overground,8,0,0.50779603876949,9,0,0.454318936877076,,
2013,London ,E12000007,South West Trains,148,0.0506066709240065,0.27674018765044,149,0.030005132897409,0.226695529915865,,
2013,London ,E12000007,Southeastern,205,0.0175647780369479,0.192936827906907,198,0.00207981281684648,0.116302389927764,,
2013,London ,E12000007,Southern,156,0.0453385568320186,0.244756207316428,147,0.0112070475087218,0.129190856557874,,
2013,London ,E12000007,Virgin Trains,28,0.00304459557172707,0.00304459557172707,32,0.00138648443838575,0.00138648443838575,,
2013,London ,E12000007,Total,1032,0.0406149727185557,0.207124258113759,1018,0.0197249057415339,0.134355922406062,,
2013,Manchester,E08000003,Arriva Trains Wales,7,0.0272294875884196,0.0272294875884196,7,0,0.0489534737046298,,
2013,Manchester,E08000003,CrossCountry,6,0,0.0331185789221952,6,0.0206361945134973,0.126292386319936,,
2013,Manchester,E08000003,East Midland Trains,6,0.00306878779844415,0.0921538924179852,6,0.00433553389003046,0.0843761595521312,,
2013,Manchester,E08000003,First TransPennine Express,37,0.0612143728758973,0.317329975623701,38,0.0102057319054817,0.199159634272151,,
2013,Manchester,E08000003,Northern Rail,116,0.0168993387215283,0.127700220426157,116,0.00632411067193676,0.117490118577075,,
2013,Manchester,E08000003,Virgin Trains,5,0,0,9,0.00197237022310224,0.0367009643756455,,
2013,Manchester,E08000003,Total,177,0.0256058976909705,0.158684697389965,182,0.00687801212397177,0.122915150796507,,
2013,Newcastle,E08000021,CrossCountry,7,0,0.0241652832540722,9,0,0.0247959492649101,,
2013,Newcastle,E08000021,East Coast,11,0,0,9,0,0,,
2013,Newcastle,E08000021,First TransPennine Express,2,,,3,0,0.16410799148425,[r],
2013,Newcastle,E08000021,Northern Rail,13,0,0.0147167034584253,17,0,0.0300925925925926,,
2013,Newcastle,E08000021,Total,33,0,0.0207207839876719,38,0,0.0321897807743835,,
2013,Nottingham,E06000018,CrossCountry,5,0,0,6,0,0,,
2013,Nottingham,E06000018,East Midlands Trains,26,0,0.0224001921554661,31,0,0.0242357198322225,,
2013,Nottingham,E06000018,Northern Rail,3,0,0,3,0,0,,
2013,Nottingham,E06000018,Total,34,0,0.0177755552008968,40,0,0.0189513834481448,,
2013,Sheffield,E08000019,CrossCountry,12,0.107098955635511,0.107098955635511,12,0.0130190803420623,0.0172382267492121,,
2013,Sheffield,E08000019,East Midlands Trains,11,0,0,12,0,0,,
2013,Sheffield,E08000019,First TransPennine Express,5,0.0406915160953197,0.14388779923798,6,0.0758298000499174,0.183440374941491,,
2013,Sheffield,E08000019,Northern Rail,30,0.0169683257918552,0.0726809954751131,33,0.00679281901989326,0.0880640465793304,,
2013,Sheffield,E08000019,Total,58,0.0395044647417483,0.0775985320845087,63,0.0148649379481472,0.064888641843046,,
2014,Birmingham,E08000025,Arriva Trains Wales,6,0,0.0159724294787402,6,0,0.0043046368824262,,
2014,Birmingham,E08000025,Chiltern Railways [note 2],9,0,0.169887640449438,8,0,0,,
2014,Birmingham,E08000025,CrossCountry,36,0.00535714285714286,0.02375,42,0.00174403005097934,0.0382345049637778,,
2014,Birmingham,E08000025,London Midland,115,0.0205677668297389,0.140735891958933,118,0.0104834642265293,0.10166438504215,,
2014,Birmingham,E08000025,Virgin Trains,13,0,0,12,0.00739223263516328,0.0244080289062475,,
2014,Birmingham,E08000025,Total,179,0.0155393916290814,0.114252943237744,186,0.00804764959921844,0.0780171635715515,,
2014,Bristol,E06000023,CrossCountry,9,0,0,10,0.00268384326355341,0.00697799248523886,,
2014,Bristol,E06000023,First Great Western,42,0,0.037411549482793,41,0.0018634022798579,0.0879629590505537,,
2014,Bristol,E06000023,South West Trains,1,,,0,,,[r],[x]
2014,Bristol,E06000023,Total,52,0,0.0368933833488968,51,0.00202642050969639,0.0718715811752784,,
2014,Cardiff,W06000015,Arriva Trains Wales,96,0.00632863548110424,0.108448796330813,98,0.00657498732771762,0.0621052184415476,,
2014,Cardiff,W06000015,CrossCountry,3,0,0,3,0,0.0185873605947955,,
2014,Cardiff,W06000015,First Great Western,15,0,0,15,0,0,,
2014,Cardiff,W06000015,Total,114,0.00518966553346567,0.088931173575138,116,0.00519205649457706,0.0494212037810973,,
2014,Leeds,E08000035,CrossCountry,5,0.0109649122807018,0.0120614035087719,8,0,0.0287769784172662,,
2014,Leeds,E08000035,East Coast,6,0,0,6,0,0,,
2014,Leeds,E08000035,First TransPennine Express,29,0.00407966065024357,0.132661117431927,31,0.0157909130998633,0.114923076855893,,
2014,Leeds,E08000035,Northern Rail,80,0.0233286713286713,0.133706293706294,78,0.0168758882046424,0.120262908574135,,
2014,Leeds,E08000035,Total,120,0.0175967610628879,0.123052159802862,123,0.0143784695140103,0.104977714733184,,
2014,Leicester,E06000016,CrossCountry,10,0,0,10,0,0.0088261253309797,,
2014,Leicester,E06000016,East Midlands Trains,27,0.0121201610883095,0.0121201610883095,27,0.0356118865186577,0.0707330580656016,,
2014,Leicester,E06000016,Total,37,0.0104661223765364,0.0104661223765364,37,0.0287592207836322,0.0588205322720351,,
2014,Liverpool,E08000012,East Midlands Trains,2,,,3,0,0,[r],
2014,Liverpool,E08000012,First TransPennine Express,5,0,0,6,0,0,,
2014,Liverpool,E08000012,London Midland,6,0,0,6,0,0,,
2014,Liverpool,E08000012,Merseyrail [note 2],90,0,0.035268925557375,95,0,0.0328032429061428,,
2014,Liverpool,E08000012,Northern Rail,23,0,0.0503660322108346,26,0.0221830098311066,0.174187043105621,,
2014,Liverpool,E08000012,Virgin Trains,2,,,3,0,0,[r],
2014,Liverpool,E08000012,Total,128,0,0.0350716153006575,139,0.0039276379166095,0.0543174470967473,,
2014,London ,E12000007,c2c,48,0.0698393608796495,0.282192251524783,44,0.0239620878387398,0.177045788279268,,
2014,London ,E12000007,Chiltern Railways [note 2],44,0.0486912871997132,0.0992470419505199,44,0.0284549463349696,0.063316415675181,,
2014,London ,E12000007,East Coast,14,0.00508795106828513,0.00508795106828513,16,0.00219896692496565,0.00219896692496565,,
2014,London ,E12000007,East Midlands Trains,14,0.117851842351174,0.117851842351174,15,0.129514849217284,0.158646915572391,,
2014,London ,E12000007,First Great Western,65,0.134541647487179,0.207355355431743,60,0.0604908751673524,0.126530848983295,,
2014,London ,E12000007,Govia Thameslink Railway,118,0.0746893517884194,0.229282059034208,125,0.0515244476405198,0.166960446307517,,
2014,London ,E12000007,Greater Anglia [note 2],159,0.0548553296271168,0.163877319621625,155,0.0210377643730637,0.0879031442868101,,
2014,London ,E12000007,London Midland,26,0.0574630269072904,0.17336634308424,25,0.0737671786580437,0.156696308272703,,
2014,London ,E12000007,London Overground,8,0,0.513738551207327,9,0,0.42720139494333,,
2014,London ,E12000007,South West Trains,150,0.0556699270446934,0.292494805847809,149,0.035639087745739,0.222212371728097,,
2014,London ,E12000007,Southeastern,205,0.0289483034930856,0.211325516131138,198,0.00300000882355536,0.131541563357539,,
2014,London ,E12000007,Southern,153,0.0495048519532222,0.262373724807166,140,0.00713164668215205,0.143750392366125,,
2014,London ,E12000007,Virgin Trains,27,0.00473149611137076,0.00473149611137076,32,0.00994627673393215,0.00994627673393215,,
2014,London ,E12000007,Total,1031,0.0542457947789462,0.224812053519392,1012,0.0255261305166692,0.146198196261261,,
2014,Manchester,E08000003,Arriva Trains Wales,7,0.0237362344286524,0.105257309226683,7,0,0.139396919610581,,
2014,Manchester,E08000003,CrossCountry,6,0,0.0170293282876064,6,0.00611353711790393,0.110043668122271,,
2014,Manchester,E08000003,East Midland Trains,6,0,0.0898068348475342,6,0,0.0869339333312604,,
2014,Manchester,E08000003,First TransPennine Express,45,0.0723401336049847,0.213193861749912,46,0.0651045663974557,0.175280167952143,,
2014,Manchester,E08000003,Northern Rail,117,0.0411061988524128,0.158592794657135,119,0.0150386573637564,0.112389213652649,,
2014,Manchester,E08000003,Virgin Trains,5,0,0,9,0,0,,
2014,Manchester,E08000003,Total,186,0.0431482639364903,0.15690123747732,193,0.0231765935971852,0.117259268888856,,
2014,Newcastle,E08000021,CrossCountry,7,0,0,9,0,0.0107941403238242,,
2014,Newcastle,E08000021,East Coast,11,0,0,9,0,0,,
2014,Newcastle,E08000021,First TransPennine Express,3,0,0.189295216260716,3,0,0.196929130390302,,
2014,Newcastle,E08000021,Northern Rail,13,0.0298730395817774,0.053024645257655,17,0,0.00875912408759124,,
2014,Newcastle,E08000021,Total,34,0.0101272198492858,0.0425926626379463,38,0,0.0279574725379546,,
2014,Nottingham,E06000018,CrossCountry,5,0,0.024,6,0.00417827298050139,0.00417827298050139,,
2014,Nottingham,E06000018,East Midlands Trains,26,0.00270485135762431,0.0435380888897603,31,0.0122578766370646,0.0630994247821981,,
2014,Nottingham,E06000018,Northern Rail,3,0,0,3,0,0,,
2014,Nottingham,E06000018,Total,34,0.00213657218925794,0.0379518526654855,40,0.0102063787346617,0.0498700467070159,,
2014,Sheffield,E08000019,CrossCountry,12,0.0456120092378753,0.0456120092378753,12,0,0,,
2014,Sheffield,E08000019,East Midlands Trains,12,0,0,12,0,0.00529814729562694,,
2014,Sheffield,E08000019,First TransPennine Express,5,0,0.0267705425263755,6,0.0409681623552468,0.0498781694587961,,
2014,Sheffield,E08000019,Northern Rail,29,0,0.0773638968481375,33,0.00340881421962503,0.0796201607012418,,
2014,Sheffield,E08000019,Total,58,0.0107426585321198,0.0500887696928187,63,0.00628829622256372,0.0425733043144299,,
2015,Birmingham,E08000025,Arriva Trains Wales,6,0,0,6,0,0.049422028996509,,
2015,Birmingham,E08000025,Chiltern Railways [note 2],9,0.0155993431855501,0.200328407224959,9,0,0.0431979368149581,,
2015,Birmingham,E08000025,CrossCountry,36,0.00490444782682226,0.0328090647725351,42,0.00854813256180957,0.0422146238821673,,
2015,Birmingham,E08000025,London Midland,115,0.0302766010465986,0.171287067032146,118,0.0176406078646405,0.162055459815134,,
2015,Birmingham,E08000025,Virgin Trains West Coast,13,0,0.00687040228283727,12,0,0,,
2015,Birmingham,E08000025,Total,179,0.023649934219321,0.141136195874923,187,0.0137297283216176,0.122604037791005,,
2015,Bristol,E06000023,CrossCountry,9,0.00465425531914894,0.0219414893617021,10,0.00909090909090909,0.0131313131313131,,
2015,Bristol,E06000023,Great Western Railway,42,0.00752190113237775,0.0538597210928113,41,0.0249497090481943,0.117761670357137,,
2015,Bristol,E06000023,South West Trains,1,,,0,,,[r],[x]
2015,Bristol,E06000023,Total,52,0.00683725580154424,0.0539669880889556,51,0.0216554485778376,0.0960273871366729,,
2015,Cardiff,W06000015,Arriva Trains Wales,96,0.0255944810229282,0.148919737872415,98,0.0130375082354186,0.0884429831387851,,
2015,Cardiff,W06000015,CrossCountry,3,0,0,3,0,0.0242214532871972,,
2015,Cardiff,W06000015,Great Western Railway,15,0,0,15,0.0175755504564761,0.0427488649123664,,
2015,Cardiff,W06000015,Total,114,0.020864307557876,0.121397546979949,116,0.0136613340687891,0.0780755778566168,,
2015,Leeds,E08000035,CrossCountry,5,0.0086767895878525,0.0390455531453362,8,0,0.0388571428571429,,
2015,Leeds,E08000035,Northern,79,0.0234340779675865,0.147558037669733,78,0.015919205751455,0.134828255163757,,
2015,Leeds,E08000035,TransPennine Express,29,0.0226167513992792,0.171650629837214,30,0.012297746487771,0.143183419145056,,
2015,Leeds,E08000035,Virgin Trains East Coast,6,0,0.00199003474208651,6,0,0,,
2015,Leeds,E08000035,Total,119,0.0215456400239324,0.141432861784698,122,0.013223011093231,0.122801893939032,,
2015,Leicester,E06000016,CrossCountry,10,0,0,10,0,0.00941780821917808,,
2015,Leicester,E06000016,East Midlands Trains,27,0.0143722679581846,0.0231672379027453,27,0.0440546503796062,0.0725580524934517,,
2015,Leicester,E06000016,Total,37,0.0124726449867414,0.0201051590831055,37,0.0358844538491738,0.06084831923589,,
2015,Liverpool,E08000012,East Midlands Trains,2,,,3,0,0,[r],
2015,Liverpool,E08000012,London Midland,6,0,0,6,0,0,,
2015,Liverpool,E08000012,Merseyrail [note 2],90,0,0.0607941159570189,95,0,0.0415626632611598,,
2015,Liverpool,E08000012,Northern,23,0,0.00405236907730673,26,0.00738426583357001,0.0752627094575405,,
2015,Liverpool,E08000012,TransPennine Express,5,0,0,6,0,0,,
2015,Liverpool,E08000012,Virgin Trains West Coast,2,,,3,0,0,[r],
2015,Liverpool,E08000012,Total,128,0,0.0482207633673942,139,0.00111589075237792,0.0421034164647209,,
2015,London ,E12000007,c2c,48,0.0910884486064412,0.303554061188763,44,0.0373282198785554,0.206136145733461,,
2015,London ,E12000007,Chiltern Railways [note 2],44,0.0617131910235359,0.113300492610837,44,0.0169358014966522,0.0476565576998818,,
2015,London ,E12000007,East Midlands Trains,14,0.095998191303318,0.095998191303318,15,0.0747710858074695,0.10296059246824,,
2015,London ,E12000007,Great Northern & Thameslink,137,0.112976575198745,0.297144880661145,138,0.0498202734670049,0.165511762498069,,
2015,London ,E12000007,Great Western Railway,67,0.0893021416472855,0.147854907386231,61,0.0401349249509484,0.0888908500550529,,
2015,London ,E12000007,Greater Anglia [note 2],93,0.0285443964205364,0.130819646030555,90,0.0101305696840635,0.0358611526960308,,
2015,London ,E12000007,London Midland,28,0.0665880271306399,0.1782365084046,29,0.060280759702725,0.130647634776454,,
2015,London ,E12000007,London Overground,38,0.0234812102812942,0.181020858205436,38,0,0.0861438244445434,,
2015,London ,E12000007,South West Trains,150,0.0561832703585446,0.308646606223068,148,0.0393706611439259,0.250488699162079,,
2015,London ,E12000007,Southeastern,194,0.0202629960012304,0.20482159335589,189,0.00420413626680241,0.116782610335011,,
2015,London ,E12000007,Southern,143,0.0477261977780928,0.275602523164976,137,0.0143885621070874,0.166149412541624,,
2015,London ,E12000007,TfL Rail [note 2],37,0.10770677314801,0.293601660281074,36,0.0651671803354268,0.249648725784157,,
2015,London ,E12000007,Virgin Trains East Coast,15,0,0,16,0,0,,
2015,London ,E12000007,Virgin Trains West Coast,27,0.00373078100128471,0.00373078100128471,32,0.00196580808465315,0.00196580808465315,,
2015,London ,E12000007,Total,1035,0.0587349595158293,0.244673388802229,1017,0.0278212660652596,0.158040784958011,,
2015,Manchester,E08000003,Arriva Trains Wales,8,0.0380402322927512,0.0575035356114696,7,0,0.0690974941171436,,
2015,Manchester,E08000003,CrossCountry,6,0,0.0404676258992806,6,0,0.12542662116041,,
2015,Manchester,E08000003,East Midland Trains,6,0,0.0902813516222411,6,0,0.1057042868504,,
2015,Manchester,E08000003,Northern,111,0.0355644453117377,0.138452531954337,111,0.0086282113427048,0.1094037809016,,
2015,Manchester,E08000003,TransPennine Express,44,0.0600854554385472,0.131898508370855,45,0.0740522450038672,0.138920270076341,,
2015,Manchester,E08000003,Virgin Trains West Coast,5,0,0,9,0,0,,
2015,Manchester,E08000003,Total,180,0.036986606314246,0.123702293654931,184,0.0206306916085127,0.105626582712233,,
2015,Newcastle,E08000021,CrossCountry,7,0,0,9,0,0.00455235204855842,,
2015,Newcastle,E08000021,Northern,14,0,0.0645586297760211,17,0,0.0106990014265335,,
2015,Newcastle,E08000021,TransPennine Express,3,0,0.104122512638759,3,0,0.231458373913805,,
2015,Newcastle,E08000021,Virgin Trains East Coast,11,0,0,9,0,0,,
2015,Newcastle,E08000021,Total,35,0,0.0369004679375809,38,0,0.0320287744667207,,
2015,Nottingham,E06000018,CrossCountry,5,0,0.0184254606365159,6,0.0102941176470588,0.0102941176470588,,
2015,Nottingham,E06000018,East Midlands Trains,30,0,0.0187707860117662,33,0,0.045144434406494,,
2015,Nottingham,E06000018,Northern,3,0.0201342281879195,0.0201342281879195,3,0,0,,
2015,Nottingham,E06000018,Total,38,0.0013494625039207,0.0188158010489852,42,0.00146189341489221,0.0371499934739547,,
2015,Sheffield,E08000019,CrossCountry,12,0.0407009609949124,0.0407009609949124,12,0.00457247370827618,0.00457247370827618,,
2015,Sheffield,E08000019,East Midlands Trains,12,0,0,12,0,0.00761028541049602,,
2015,Sheffield,E08000019,Northern,29,0.00571265352756355,0.0776920879748643,33,0.00149365197908887,0.0639780931043067,,
2015,Sheffield,E08000019,TransPennine Express,5,0.0353100035744865,0.16476304479746,6,0.0491405041591885,0.0694388416915671,,
2015,Sheffield,E08000019,Total,58,0.0158166462941593,0.0626349731208896,63,0.00723392007007633,0.0380461037285036,,
2016,Birmingham,E08000025,Arriva Trains Wales,6,0,0,,,,,[x]
2016,Birmingham,E08000025,Chiltern Railways [note 2],9,0,0.203600514359194,6,0,0.0935748830929531,,
2016,Birmingham,E08000025,CrossCountry,36,0.00304311073541843,0.0377007607776839,8,0,0.0589988081048868,,
2016,Birmingham,E08000025,London Midland,115,0.0176346869438602,0.168969422423556,42,0.00169624217118998,0.0438413361169102,,
2016,Birmingham,E08000025,Virgin Trains West Coast,13,0,0.0129254038882486,118,0.0134202206593974,0.140105813278276,,
2016,Birmingham,E08000025,Total,179,0.0130488618564837,0.138137152157447,12,0,0.00797613546174601,,
2016,Bristol,E06000023,CrossCountry,9,0,0.00338753387533875,186,0.00943696727874253,0.107963579233959,,
2016,Bristol,E06000023,Great Western Railway,42,0.0323479903670941,0.112083479378995,10,0.0112745098039216,0.0254901960784314,,
2016,Bristol,E06000023,South West Trains,1,,,41,0.030409653383826,0.135219140818166,[r],
2016,Bristol,E06000023,Total,52,0.0265430657133951,0.0978569616879832,0,,,,[x]
2016,Cardiff,W06000015,Arriva Trains Wales,96,0.0287314194594003,0.137375332835253,51,0.0264043026700465,0.112250778689066,,
2016,Cardiff,W06000015,CrossCountry,3,0,0,97,0.0168457044551604,0.102280863176427,,
2016,Cardiff,W06000015,Great Western Railway,15,0,0.0128994673768309,3,0,0.0498533724340176,,
2016,Cardiff,W06000015,Total,114,0.0229852032609784,0.112168136918414,15,0,0,,
2016,Leeds,E08000035,CrossCountry,5,0.0163360560093349,0.0163360560093349,115,0.0132705785370429,0.0817474292994265,,
2016,Leeds,E08000035,Northern,79,0.0345898479331763,0.177072178196616,8,0,0.0402802101576182,,
2016,Leeds,E08000035,TransPennine Express,29,0.0134133557357078,0.165565541185604,78,0.0206335043497658,0.135679232656703,,
2016,Leeds,E08000035,Virgin Trains East Coast,6,0,0.0403742992313485,30,0.0312793972742166,0.15141702286149,,
2016,Leeds,E08000035,Total,119,0.026825550703687,0.160220156186393,6,0,0,,
2016,Leicester,E06000016,CrossCountry,10,0,0,122,0.0207140458674274,0.125984349591611,,
2016,Leicester,E06000016,East Midlands Trains,28,0.000679966670840007,0.00480509780726938,10,0,0.0118043844856661,,
2016,Leicester,E06000016,Total,38,0.000585482270109922,0.00413740804211011,27,0.0443962059222212,0.0725198975809252,,
2016,Liverpool,E08000012,East Midlands Trains,2,,,37,0.0359030476139103,0.0609047954843233,[r],
2016,Liverpool,E08000012,London Midland,6,0,0,3,0,0,,
2016,Liverpool,E08000012,Merseyrail [note 2],90,0,0.0522928399034594,6,0,0,,
2016,Liverpool,E08000012,Northern,23,0,0.0054525627044711,95,0,0.0385942712527321,,
2016,Liverpool,E08000012,TransPennine Express,5,0,0,26,0,0.0128248396895039,,
2016,Liverpool,E08000012,Virgin Trains West Coast,2,,,6,0,0,[r],
2016,Liverpool,E08000012,Total,128,0,0.0425989854035541,3,0,0,,
2016,London ,E12000007,c2c,57,0.0565627351127937,0.338536261037644,139,0,0.0306956273959801,,
2016,London ,E12000007,Chiltern Railways [note 2],45,0.0368959435626102,0.0577777777777778,52,0.0184711377698015,0.300301770036974,,
2016,London ,E12000007,East Midlands Trains,14,0.119421414711589,0.119421414711589,44,0.0241427033676765,0.0542826387821006,,
2016,London ,E12000007,Great Northern & Thameslink,138,0.090918576775726,0.260812012648631,15,0.151173199794336,0.179564601389401,,
2016,London ,E12000007,Great Western Railway [note 2],67,0.0706048281455509,0.109589638124001,138,0.0520951598100741,0.174769042765267,,
2016,London ,E12000007,Greater Anglia [note 2],93,0.0245931816114539,0.113824759202026,61,0.0667865141799749,0.0971139421992141,,
2016,London ,E12000007,London Midland,28,0.0745506868653961,0.226801324862898,90,0.0220818869975291,0.0542366901513928,,
2016,London ,E12000007,London Overground,38,0.0475132118338519,0.199239393490394,29,0.0733018764402502,0.19373422583123,,
2016,London ,E12000007,South West Trains,152,0.0466983964792457,0.300680308693431,38,0,0.0618908684586256,,
2016,London ,E12000007,Southeastern,197,0.0239139383192958,0.188699259071623,149,0.0330493409642733,0.220213319458897,,
2016,London ,E12000007,Southern,143,0.0750604766127945,0.267286149435561,187,0.00605474381272147,0.133427580241632,,
2016,London ,E12000007,TfL Rail [note 2],37,0.124237688088014,0.305813490239343,134,0.00904995766898421,0.167338460839902,,
2016,London ,E12000007,Virgin Trains East Coast,15,0,0,36,0.0937125457549156,0.273233779275048,,
2016,London ,E12000007,Virgin Trains West Coast,27,0.000159708044083544,0.000159708044083544,16,0,0,,
2016,London ,E12000007,Total,1051,0.056624234601343,0.22950871223206,32,0,0,,
2016,Manchester,E08000003,Arriva Trains Wales,7,0.0663765657137931,0.0698821019053366,1021,0.0303911946765227,0.163012686180145,,
2016,Manchester,E08000003,CrossCountry,6,0,0.00817438692098093,7,0,0.04088404781601,,
2016,Manchester,E08000003,East Midlands Trains,6,0.0131723825116894,0.103732512279554,6,0.0185341196293176,0.125526537489469,,
2016,Manchester,E08000003,Northern,124,0.0295747107707349,0.148199445983379,6,0,0.00452109994542193,,
2016,Manchester,E08000003,TransPennine Express,37,0.069023784414392,0.183974161718839,126,0.0158878504672897,0.124129141886151,,
2016,Manchester,E08000003,Virgin Trains West Coast,5,0,0,38,0.0761259899199556,0.142640008823377,,
2016,Manchester,E08000003,Total,185,0.0353361476350491,0.141068447678075,9,0,0,,
2016,Newcastle,E08000021,CrossCountry,7,0,0,192,0.0246775950219173,0.110872734484542,,
2016,Newcastle,E08000021,Northern,13,0,0.0397398843930636,9,0,0.0151273885350318,,
2016,Newcastle,E08000021,TransPennine Express,3,0,0.177702310097102,17,0,0,,
2016,Newcastle,E08000021,Virgin Trains East Coast,11,0,0,3,0.00589366023502104,0.277527926882344,,
2016,Newcastle,E08000021,Total,34,0,0.031651454586616,10,0,0,,
2016,Nottingham,E06000018,CrossCountry,5,0,0.00840336134453782,39,0.000749434712102871,0.0387953526043652,,
2016,Nottingham,E06000018,East Midlands Trains,30,0.00597162225945193,0.0370291080062844,6,0.00436046511627907,0.00436046511627907,,
2016,Nottingham,E06000018,Northern,3,0,0,33,0.00201005603629595,0.0437670010428528,,
2016,Nottingham,E06000018,Total,38,0.00479230197957822,0.0308308137925085,3,0,0,,
2016,Sheffield,E08000019,CrossCountry,12,0.0511523327712198,0.0511523327712198,42,0.00219589024880794,0.0350234144674186,,
2016,Sheffield,E08000019,East Midlands Trains,12,0,0,12,0,0,,
2016,Sheffield,E08000019,Northern,29,0,0.058411214953271,12,0,0,,
2016,Sheffield,E08000019,TransPennine Express,5,0,0.0442055752734334,33,0,0.0522911051212938,,
2016,Sheffield,E08000019,Total,58,0.012312547095593,0.0429416992798223,6,0.0932647714290608,0.154088835287527,,
2017,Birmingham,E08000025,Arriva Trains Wales,6,0,0,6,0.0261860131281324,0.112584114932242,,
2017,Birmingham,E08000025,Chiltern Railways [note 2],9,0,0.172779136104319,8,0,0.0718124084025403,,
2017,Birmingham,E08000025,CrossCountry,36,0.017472240365774,0.0478445460483344,42,0.0196471029908647,0.0713302465273433,,
2017,Birmingham,E08000025,Virgin Trains West Coast,13,0.000255473711665073,0.029086623292007,12,0.013008078285725,0.0833390922999951,,
2017,Birmingham,E08000025,West Midlands Trains,115,0.0311700323724372,0.181933096963157,118,0.0148588410104012,0.138381032366432,,
2017,Birmingham,E08000025,Total,179,0.0244596845987358,0.147087920993086,186,0.0151029207718235,0.1179438547357,,
2017,Brighton,E06000043,Great Western Railway,1,,,1,,,[r],
2017,Brighton,E06000043,Southern,47,0,0.08,45,0.0033271552034678,0.0728399608878012,,
2017,Brighton,E06000043,Thameslink,8,0,0,9,0,0,,
2017,Brighton,E06000043,Total,56,0.000251988831638706,0.0694229231164634,55,0.00249078718760598,0.0545297199048477,,
2017,Bristol,E06000023,CrossCountry,9,0,0.00986193293885602,10,0.0115519839276745,0.0306378704168759,,
2017,Bristol,E06000023,Great Western Railway,41,0.00967316623932473,0.0346511365970331,41,0.0232458028411537,0.0789619334604268,,
2017,Bristol,E06000023,South West Trains,1,,,0,,,[r],
2017,Bristol,E06000023,Total,51,0.00787516249265075,0.0315545894397307,51,0.0209455120288495,0.0694561082843452,,
2017,Cambridge,E07000008,Cross Country,5,0,0,6,0.0136986301369863,0.0261519302615193,,
2017,Cambridge,E07000008,Great Northern,24,0.0535226334580861,0.232806393916181,23,0.0409690471343117,0.170099170898597,,
2017,Cambridge,E07000008,Greater Anglia,18,0.0445569122367109,0.0575878500982557,18,0.0397744770035422,0.113216716241265,,
2017,Cambridge,E07000008,Total,47,0.0476807225769538,0.160254335893618,47,0.0380521392794807,0.139015168663079,,
2017,Cardiff,W06000015,Arriva Trains Wales,97,0.0362824497561642,0.14518960145401,99,0.0274762484642804,0.126418866226627,,
2017,Cardiff,W06000015,CrossCountry,3,0,0.043956043956044,3,0,0.0771513353115727,,
2017,Cardiff,W06000015,Great Western Railway,16,0.0127513487003433,0.0269740068661108,15,0,0.013695338779433,,
2017,Cardiff,W06000015,Total,116,0.030339985221678,0.116941629359457,117,0.0216123752201013,0.103828537152003,,
2017,Leeds,E08000035,CrossCountry,5,0.0194954128440367,0.0194954128440367,8,0.020125786163522,0.0408805031446541,,
2017,Leeds,E08000035,London North Eastern Railway,6,0,0,7,0,0,,
2017,Leeds,E08000035,Northern,80,0.0274594078319007,0.126432664756447,79,0.00875624344823334,0.102916692359869,,
2017,Leeds,E08000035,TransPennine Express,29,0.0569196050818344,0.155790102288649,29,0.041834273510567,0.154576589662025,,
2017,Leeds,E08000035,Total,120,0.0328199950529952,0.122474218644937,123,0.0169588411360161,0.104868196664357,,
2017,Leicester,E06000016,CrossCountry,10,0,0,10,0.00231124807395994,0.00231124807395994,,
2017,Leicester,E06000016,East Midlands Trains,29,0.0108737557293569,0.0129648626003871,27,0.0516134511141468,0.0827453740083941,,
2017,Leicester,E06000016,Total,39,0.00943711878669991,0.0112519493226037,37,0.0412591438254481,0.0658528295566956,,
2017,Liverpool,E08000012,East Midlands Trains,2,,,3,0,0,[r],
2017,Liverpool,E08000012,Merseyrail [note 5],90,0,0.0323076896573704,95,0,0.0255083528527593,,
2017,Liverpool,E08000012,Northern,23,0,0.0098314606741573,26,0,0.0173501577287066,,
2017,Liverpool,E08000012,TransPennine Express,5,0,0,6,0,0.0220259549668136,,
2017,Liverpool,E08000012,Virgin Trains West Coast,2,,,3,0,0,[r],
2017,Liverpool,E08000012,West Midlands Trains,6,0,0,6,0,0,,
2017,Liverpool,E08000012,Total,128,0,0.0267989258826883,139,0,0.0218875898304766,,
2017,London ,E12000007,c2c,56,0.0587555532729,0.307413779820754,53,0.0231796714281575,0.259554370816794,,
2017,London ,E12000007,Chiltern Railways [note 2],45,0.0794697826360096,0.11138333961553,44,0.0342377749225304,0.0536618547350918,,
2017,London ,E12000007,East Midlands Trains,14,0.106388022908577,0.106388022908577,15,0.17340375820931,0.17340375820931,,
2017,London ,E12000007,Great Northern & Thameslink,138,0.0545771306242925,0.364744935334249,139,0.0281106422483402,0.179740714948898,,
2017,London ,E12000007,Great Western Railway [note 2],68,0.0487631382019928,0.105467350597575,62,0.0233437282416352,0.0497859205188699,,
2017,London ,E12000007,Greater Anglia [note 2],87,0.02954636915603,0.11039190931965,83,0.00723560219101946,0.0284284153877303,,
2017,London ,E12000007,London North Eastern Railway,15,0,0,16,0.00699239946268455,0.0173104366300535,,
2017,London ,E12000007,London Overground,38,0.0535705279023056,0.269472572400023,38,0.0347957135319696,0.2108423140135,,
2017,London ,E12000007,South Western Railway,153,0.0702429372320545,0.288327653805284,150,0.0480350818013156,0.207589812784618,,
2017,London ,E12000007,Southeastern,197,0.0143085482433222,0.177189315464298,186,0.0019963447209335,0.1176531233891,,
2017,London ,E12000007,Southern,145,0.0656347243656724,0.244126057909391,133,0.00714683564505245,0.152324761760777,,
2017,London ,E12000007,TfL Rail [note 2],36,0.137552147599741,0.378870673952641,37,0.0813790466479735,0.321246495029314,,
2017,London ,E12000007,Virgin Trains West Coast,27,0.00860357692362971,0.0175864757714964,32,0.0229283995388779,0.0229283995388779,,
2017,London ,E12000007,West Midlands Trains,28,0.0709144674440663,0.207219773475423,29,0.0556186796954892,0.176173162140666,,
2017,London ,E12000007,Total,1047,0.0535036585689347,0.229168227000571,1017,0.0265686885827673,0.157916887232878,,
2017,Manchester,E08000003,Arriva Trains Wales,6,0.0954305417124053,0.103658823233542,7,0,0.0514683603880493,,
2017,Manchester,E08000003,CrossCountry,6,0,0.00486381322957198,6,0.0683333333333333,0.1325,,
2017,Manchester,E08000003,East Midlands Trains,6,0.0214785791274376,0.120178812105468,6,0,0,,
2017,Manchester,E08000003,Northern,119,0.0289292060999297,0.147538951109642,119,0.00488718370329771,0.0977893486800036,,
2017,Manchester,E08000003,TransPennine Express,37,0.1092878926626,0.227067930187229,36,0.0871872139714344,0.169728891002244,,
2017,Manchester,E08000003,Virgin Trains West Coast,5,0,0.039366128527578,9,0,0.0108142440621776,,
2017,Manchester,E08000003,Total,179,0.0429500745849769,0.150864812708046,183,0.0216567078004495,0.0996314728365476,,
2017,Newcastle,E08000021,CrossCountry,7,0,0,9,0,0.00518518518518519,,
2017,Newcastle,E08000021,London North Eastern Railway,11,0,0,10,0,0,,
2017,Newcastle,E08000021,Northern,13,0,0.0485512920908379,17,0,0.00502933780385583,,
2017,Newcastle,E08000021,TransPennine Express,3,0,0.150561797752809,3,0.304502448654956,0.304502448654956,,
2017,Newcastle,E08000021,Total,34,0,0.0336146548635152,39,0.0401869473210106,0.0425830412737153,,
2017,Nottingham,E06000018,CrossCountry,5,0,0.021505376344086,6,0,0.0159883720930233,,
2017,Nottingham,E06000018,East Midlands Trains,30,0.00260202106601472,0.0265604397957579,33,0.0087367860265009,0.0642749141826961,,
2017,Nottingham,E06000018,Northern,3,0.0316455696202532,0.0316455696202532,3,0.0606060606060606,0.0606060606060606,,
2017,Nottingham,E06000018,Total,38,0.004239833449765,0.0263031191350183,42,0.0114683923903294,0.0577559778265758,,
2017,Reading,E06000038,Cross Country,9,0,0.000758725341426404,11,0.00159404888416578,0.036663124335813,,
2017,Reading,E06000038,Great Western Railway,91,0.00861474567883312,0.0292363279530907,89,0.00202008050410174,0.0122054035049867,,
2017,Reading,E06000038,South Western Railway,9,0,0,9,0,0,,
2017,Reading,E06000038,Total,109,0.00739584496170806,0.0251423733608515,109,0.0018223267475024,0.0130635073422449,,
2017,Sheffield,E08000019,CrossCountry,12,0.0494537090281771,0.0517538815411156,12,0.0056232427366448,0.0056232427366448,,
2017,Sheffield,E08000019,East Midlands Trains,12,0,0,12,0,0.00796574127785275,,
2017,Sheffield,E08000019,Northern,29,0,0.0483162518301611,33,0,0.0675273088381331,,
2017,Sheffield,E08000019,TransPennine Express,6,0.00421940928270042,0.125527426160338,6,0.0563559128359934,0.124361304002018,,
2017,Sheffield,E08000019,Total,59,0.0115974773662273,0.0481939614996556,63,0.00808713364019083,0.0472853938968891,,
2018,Birmingham,E08000025,Chiltern Railways [note 2],9,0.0491215489422732,0.22373610613123,,,,,[x]
2018,Birmingham,E08000025,CrossCountry,36,0.0111111111111111,0.0566510172143975,8,0,0.0689848569826136,,
2018,Birmingham,E08000025,Transport for Wales,6,0,0.00620860710708693,42,0.0207154040708178,0.104901842707455,,
2018,Birmingham,E08000025,Virgin Trains West Coast,13,0.00831605549413566,0.0292343689978454,6,0,0.0150795092335848,,
2018,Birmingham,E08000025,West Midlands Trains,116,0.0570558208463692,0.237499313903068,12,0.0249113621404765,0.108624293227267,,
2018,Birmingham,E08000025,Total,180,0.0456863872071102,0.192188585518009,118,0.0245194136407525,0.175381104251397,,
2018,Brighton,E06000043,Govia Thameslink Railway (Southern),46,0.000338160511121135,0.0691538245242721,186,0.0226043202644324,0.150422811537014,,
2018,Brighton,E06000043,Govia Thameslink Railway (Thameslink),7,0,0,48,0.03063395842292,0.0795842220388009,,
2018,Brighton,E06000043,Great Western Railway [note 2],1,,,8,0,0,[r],
2018,Brighton,E06000043,Total,54,0.00982260782534323,0.0651393992628025,1,,,[r],
2018,Bristol,E06000023,CrossCountry,9,0,0.00974025974025974,57,0.0323779875980584,0.0734624036502942,,
2018,Bristol,E06000023,Great Western Railway [note 2],40,0.0151997234802492,0.0336786875947213,10,0.00883116883116883,0.0187012987012987,,
2018,Bristol,E06000023,South Western Railway,1,,,41,0.0254940935478387,0.0521561181776227,[r],
2018,Bristol,E06000023,Total,50,0.0123442572212105,0.0304827576278872,0,,,[r],
2018,Cambridge,E07000008,Cross Country,5,0,0,51,0.0223366626417472,0.0458168180386392,,
2018,Cambridge,E07000008,Govia Thameslink Railway (Great Northern),21,0.0357004311889355,0.199414074108095,6,0.0212527964205817,0.121923937360179,,
2018,Cambridge,E07000008,Govia Thameslink Railway (Thameslink),2,,,21,0.0386383842523667,0.158960537359353,[r],
2018,Cambridge,E07000008,Greater Anglia,18,0.102281320635333,0.137492272941339,3,0,0,,
2018,Cambridge,E07000008,Total,46,0.0589595977737456,0.160421167918677,18,0.0504298637825401,0.0819380663316041,,
2018,Cardiff,W06000015,CrossCountry,3,0.00662251655629139,0.0993377483443708,48,0.0375047491543764,0.119951998436054,,
2018,Cardiff,W06000015,Great Western Railway [note 2],15,0.0100862034185505,0.0298551621189096,3,0,0.06158357771261,,
2018,Cardiff,W06000015,Transport for Wales,98,0.0377945657531122,0.140065759553303,15,0,0,,
2018,Cardiff,W06000015,Total,116,0.0323600910238072,0.120199815732883,98,0.0280110668179838,0.107921698714639,,
2018,Leeds,E08000035,CrossCountry,5,0,0.0499432463110102,116,0.0221184426471576,0.0866079850483471,,
2018,Leeds,E08000035,London North Eastern Railway,6,0,0,8,0,0.0239948119325551,,
2018,Leeds,E08000035,Northern,83,0.0194604157452455,0.158226448474126,6,0,0.0062568456417736,,
2018,Leeds,E08000035,TransPennine Express,33,0.0307919990228685,0.177943557821615,80,0.0246393160363356,0.156088582794039,,
2018,Leeds,E08000035,Total,127,0.0206639853496842,0.151588199134431,33,0.0101608017754596,0.165601233099803,,
2018,Leicester,E06000016,CrossCountry,10,0,0,127,0.0180764735282707,0.141383429404875,,
2018,Leicester,E06000016,East Midlands Trains,26,0.00544424183304029,0.0215591976588396,10,0,0,,
2018,Leicester,E06000016,Total,36,0.00468515072789414,0.0185531968824608,28,0.0298268150947712,0.0706696493846122,,
2018,Liverpool,E08000012,East Midlands Trains,2,,,38,0.0237957877148031,0.0563801387876173,[r],
2018,Liverpool,E08000012,Merseyrail,87,0,0.0826375873232237,3,0,0,,
2018,Liverpool,E08000012,Northern,24,0,0.00490883590462833,94,0.00128665267149726,0.0462517776122435,,
2018,Liverpool,E08000012,TransPennine Express,5,0,0,25,0,0,,
2018,Liverpool,E08000012,Virgin Trains West Coast,2,,,6,0,0.00737343106655027,[r],
2018,Liverpool,E08000012,West Midlands Trains,6,0,0,3,0,0,,
2018,Liverpool,E08000012,Total,126,0,0.0665261428331244,6,0,0,,
2018,London ,E12000007,c2c,55,0.0594683129645962,0.316971147788837,137,0.000904742602776803,0.0327605087396949,,
2018,London ,E12000007,Chiltern Railways [note 2],45,0.0786132204655795,0.126478277106934,53,0.0372041858234846,0.279525004936113,,
2018,London ,E12000007,East Midlands Trains,14,0.0381256377558597,0.0381256377558597,44,0.0486159898833778,0.0954053674300969,,
2018,London ,E12000007,Govia Thameslink Railway (Great Northern),62,0.0811473668046946,0.206112475825361,15,0.080953383903071,0.080953383903071,,
2018,London ,E12000007,Govia Thameslink Railway (Southern),137,0.0140562159195833,0.171613221923078,60,0.0510496077294659,0.12982307246408,,
2018,London ,E12000007,Govia Thameslink Railway (Thameslink),94,0.0509576471577637,0.273105363785144,133,0.00106861966235642,0.0815716823886864,,
2018,London ,E12000007,Great Western Railway [note 2],54,0.0987206791505413,0.194661844761858,100,0,0.144268597635883,,
2018,London ,E12000007,Greater Anglia [note 2],87,0.032680194123869,0.105866067076345,53,0.0243944966307151,0.104655986770054,,
2018,London ,E12000007,London North Eastern Railway,15,0.00738534201131326,0.00738534201131326,83,0.0279392170089082,0.0838270325524741,,
2018,London ,E12000007,London Overground [note 2],39,0.0520769352262955,0.26982608848253,16,0,0,,
2018,London ,E12000007,South Western Railway,153,0.0561648916441477,0.278643211642735,38,0.0137002132386931,0.15998121113613,,
2018,London ,E12000007,Southeastern,193,0.0230851318683712,0.198503096166271,150,0.037932138284251,0.205676483141272,,
2018,London ,E12000007,TfL Rail [note 2],50,0.165602544469313,0.430321592649311,192,0.00954370010046,0.1182519959816,,
2018,London ,E12000007,Virgin Trains West Coast,27,0.0302415395006165,0.0302415395006165,50,0.0870966038134474,0.37249775524217,,
2018,London ,E12000007,West Midlands Trains,28,0.059774964838256,0.205930614158462,32,0.0216765778977637,0.0216765778977637,,
2018,London ,E12000007,Total,1053,0.0516208710512098,0.226944364690208,29,0.0750177767243423,0.168997392747096,,
2018,Manchester,E08000003,CrossCountry,6,0,0.0232558139534884,1048,0.0270233432362815,0.154453744232044,,
2018,Manchester,E08000003,East Midlands Trains,6,0.0018085993286985,0.0694157647109996,6,0.0533033033033033,0.21021021021021,,
2018,Manchester,E08000003,Northern,133,0.0197109067017083,0.109544857245251,6,0,0.0665800069750484,,
2018,Manchester,E08000003,TransPennine Express,41,0.0603473834604221,0.101585424348059,129,0.00743690819685455,0.0981021660503109,,
2018,Manchester,E08000003,Transport for Wales,6,0.124091175116193,0.238120903601344,42,0.0550571295455492,0.0901427777636095,,
2018,Manchester,E08000003,Virgin Trains West Coast,6,0.00967601201932936,0.0587404266006438,6,0,0,,
2018,Manchester,E08000003,Total,198,0.0263385267593393,0.103305231125873,9,0,0.0290440021578921,,
2018,Newcastle,E08000021,CrossCountry,8,0,0,198,0.0160860631108295,0.0920731148223128,,
2018,Newcastle,E08000021,London North Eastern Railway,11,0,0,9,0,0.0066815144766147,,
2018,Newcastle,E08000021,Northern,15,0.0230769230769231,0.103496503496503,10,0,0,,
2018,Newcastle,E08000021,TransPennine Express,5,0,0.100003652493272,18,0,0.00253646163601775,,
2018,Newcastle,E08000021,Total,39,0.00775033644341717,0.0499276608760319,7,0,0.0451874920338099,,
2018,Nottingham,E06000018,CrossCountry,5,0,0.0228471001757469,44,0,0.00884274037541887,,
2018,Nottingham,E06000018,East Midlands Trains,30,0.00837592097218849,0.0422213308033842,6,0.0099290780141844,0.0780141843971631,,
2018,Nottingham,E06000018,Northern,4,0.0993788819875776,0.0993788819875776,33,0.0157070793525333,0.0682276259375664,,
2018,Nottingham,E06000018,Total,39,0.0164187591490196,0.0456247671769458,3,0.198396793587174,0.198396793587174,,
2018,Reading,E06000038,Cross Country,9,0,0.00555996822875298,42,0.032205534490448,0.0818399464698443,,
2018,Reading,E06000038,Great Western Railway [note 2],99,0.00779794892755069,0.0361286741763328,11,0,0.0424430641821946,,
2018,Reading,E06000038,South Western Railway,9,0,0.00399002493765586,95,0.00289155529517695,0.0122790112587825,,
2018,Reading,E06000038,Total,117,0.00679009053730244,0.0320531300131989,9,0,0,,
2018,Sheffield,E08000019,CrossCountry,12,0.0286062081558125,0.0310407790626902,115,0.00246325250824572,0.0135390540442612,,
2018,Sheffield,E08000019,East Midlands Trains,11,0,0,12,0.0122448979591837,0.0122448979591837,,
2018,Sheffield,E08000019,Northern,33,0.00157604412923562,0.0703966377725243,12,0.0119824039359356,0.0345093233354946,,
2018,Sheffield,E08000019,TransPennine Express,6,0,0.056094780554308,34,0.0133702166897188,0.101198709082527,,
2018,Sheffield,E08000019,Total,62,0.00676401824638823,0.0469720342602219,6,0.018584424711749,0.0879116940351958,,
2019,Birmingham,E08000025,Chiltern Railways [note 2],9,0.0451939291736931,0.310623946037099,8,0,0.161714564052606,,
2019,Birmingham,E08000025,CrossCountry,36,0.010772265210135,0.0609922621756941,42,0.0195494099415902,0.0926212897842413,,
2019,Birmingham,E08000025,Transport for Wales,6,0,0.0194451646357273,6,0.0236486486486486,0.14527027027027,,
2019,Birmingham,E08000025,Virgin Trains West Coast,13,0,0.0283798650061929,12,0,0.0494723918030622,,
2019,Birmingham,E08000025,West Midlands Trains,126,0.0655524202300847,0.212204254395485,128,0.0235483315145598,0.173424846361496,,
2019,Birmingham,E08000025,Total,190,0.0509245582966902,0.180227662236054,196,0.019847885395751,0.147968628158181,,
2019,Brighton,E06000043,Govia Thameslink Railway (Southern),45,0.00186599815412204,0.0722650194232716,48,0.00802677638165826,0.075116778051865,,
2019,Brighton,E06000043,Govia Thameslink Railway (Thameslink),12,0,0,12,0,0,,
2019,Brighton,E06000043,Great Western Railway,1,,,1,,,[r],
2019,Brighton,E06000043,Total,58,0.0104055557133911,0.0642550784556881,61,0.006309022273308,0.0598691356655654,,
2019,Bristol,E06000023,CrossCountry,9,0.00200267022696929,0.00267022696929239,12,0.00383141762452107,0.00622605363984674,,
2019,Bristol,E06000023,Great Western Railway,39,0.00827799403838988,0.0481423901393733,41,0.0545696391244572,0.0912033007804528,,
2019,Bristol,E06000023,South Western Railway,1,,,,,,[r],[x]
2019,Bristol,E06000023,Total,49,0.00723266686560228,0.0440693125234446,53,0.046642539757742,0.0779268582470001,,
2019,Cambridge,E07000008,Cross Country,5,0,0,6,0.0254988913525499,0.104212860310421,,
2019,Cambridge,E07000008,Govia Thameslink Railway (Great Northern),24,0.0679322952520328,0.23847277378027,24,0.0285915418156615,0.149303362567194,,
2019,Cambridge,E07000008,Govia Thameslink Railway (Thameslink),4,0,0,6,0,0,,
2019,Cambridge,E07000008,Greater Anglia,18,0.00877040137201007,0.0446316730970849,18,0,0.0753745272084117,,
2019,Cambridge,E07000008,Total,51,0.0395757724814345,0.143921852335105,54,0.0169618826130528,0.108477730559037,,
2019,Cardiff,W06000015,CrossCountry,3,0,0.0809859154929577,3,0,0.0576923076923077,,
2019,Cardiff,W06000015,Great Western Railway,15,0,0.0138816758019462,15,0,0.0161623621529978,,
2019,Cardiff,W06000015,Transport for Wales,99,0.061083156092753,0.170955024122011,97,0.0328454477797073,0.116745224510047,,
2019,Cardiff,W06000015,Total,117,0.0493811085705463,0.142062424868557,115,0.0256818595760497,0.0955621218937812,,
2019,Leeds,E08000035,CrossCountry,5,0,0.0545670225385528,8,0.00059206631142688,0.0325636471284784,,
2019,Leeds,E08000035,London North Eastern Railway,6,0,0,6,0,0,,
2019,Leeds,E08000035,Northern,88,0.0246894569346063,0.156092803613592,84,0.0186802254891124,0.153918425997568,,
2019,Leeds,E08000035,TransPennine Express,32,0.0264417092997966,0.199999948237073,31,0.00728186805292972,0.199850505465214,,
2019,Leeds,E08000035,Total,131,0.0234394848812241,0.157064791763226,129,0.0141417892403919,0.149148395397034,,
2019,Leicester,E06000016,CrossCountry,10,0,0,10,0,0.00577200577200577,,
2019,Leicester,E06000016,East Midlands Trains,26,0.0119396202820255,0.0145232758184638,28,0.00975513853050265,0.056042019856615,,
2019,Leicester,E06000016,Total,36,0.0100829109493832,0.0122647867613808,38,0.00771616698953264,0.0455348263644691,,
2019,Liverpool,E08000012,East Midlands Trains,2,,,3,0,0,[r],
2019,Liverpool,E08000012,Merseyrail,89,0.000974289580514208,0.116698240866035,94,0.00672632274337878,0.0810161551858747,,
2019,Liverpool,E08000012,Northern,24,0,0.00657354149548069,25,0,0.0016366612111293,,
2019,Liverpool,E08000012,TransPennine Express,6,0,0,5,0,0.00328821515012334,,
2019,Liverpool,E08000012,Virgin Trains West Coast,2,0,0,5,0,0,,
2019,Liverpool,E08000012,West Midlands Trains,6,0,0,6,0,0,,
2019,Liverpool,E08000012,Total,129,0.000755343963031032,0.0914805466337583,138,0.004769241847399,0.0577897976977801,,
2019,London ,E12000007,c2c,54,0.053182126782167,0.316955417536272,53,0.0363231605940203,0.284695804097275,,
2019,London ,E12000007,Chiltern Railways [note 2],45,0.0974273463554073,0.165138161029061,45,0.0383144635225313,0.0719052260628327,,
2019,London ,E12000007,East Midlands Trains,14,0.0266307925887713,0.0266307925887713,15,0.0214681229568709,0.0214681229568709,,
2019,London ,E12000007,Govia Thameslink Railway (Great Northern),63,0.0339233751938786,0.197793823497067,60,0.05902240127726,0.149139116475921,,
2019,London ,E12000007,Govia Thameslink Railway (Southern),137,0.0110561779617159,0.157588705170876,133,0.00342626335767265,0.0718159211844796,,
2019,London ,E12000007,Govia Thameslink Railway (Thameslink),117,0.0337710429706844,0.243958651601029,118,0,0.124652761659858,,
2019,London ,E12000007,Great Western Railway,54,0.0670270321988803,0.163573392440822,53,0.0179770514928654,0.0931821933697111,,
2019,London ,E12000007,Greater Anglia [note 2],87,0.0279683501380706,0.10307180554313,83,0.009858117174048,0.0469485847820376,,
2019,London ,E12000007,London North Eastern Railway,14,0,0,16,0,0,,
2019,London ,E12000007,London Overground [note 2],43,0.0671159151553525,0.263307855818371,41,0.0297849841381741,0.134355539889555,,
2019,London ,E12000007,South Western Railway,161,0.0557422450365588,0.260251016502174,154,0.0372996497187135,0.191062519902346,,
2019,London ,E12000007,Southeastern,193,0.0269854212649899,0.207616932139292,189,0.0101058879308831,0.127381600435493,,
2019,London ,E12000007,TfL Rail [note 2],50,0.124017589820359,0.440517402694611,50,0.0599021678116062,0.371949426639224,,
2019,London ,E12000007,Virgin Trains West Coast,31,0.0224552154762093,0.0224552154762093,34,0.0257007789767325,0.0257007789767325,,
2019,London ,E12000007,West Midlands Trains,31,0.074885145482389,0.201480347115875,31,0.08191602074388,0.191379021914905,,
2019,London ,E12000007,Total,1094,0.044771536132418,0.22136103019267,1075,0.0238909718670365,0.148013844991736,,
2019,Manchester,E08000003,CrossCountry,5,0,0.06875,6,0.029806259314456,0.172876304023845,,
2019,Manchester,E08000003,East Midlands Trains,6,0,0.127926613946874,6,0,0.0250550087244489,,
2019,Manchester,E08000003,Northern,134,0.0165670073223619,0.124411661103225,134,0.0100164507470744,0.0816697253625022,,
2019,Manchester,E08000003,TransPennine Express,42,0.0453744016176249,0.118746134682273,40,0.0797005096280341,0.113711939914577,,
2019,Manchester,E08000003,Transport for Wales,7,0,0.0384831460674157,7,0.0370909090909091,0.207090909090909,,
2019,Manchester,E08000003,Virgin Trains West Coast,7,0,0.0436885757583441,9,0,0.0362758234114106,,
2019,Manchester,E08000003,Total,201,0.0184410320674511,0.114989971627698,202,0.0219545900570455,0.0900516909894335,,
2019,Newcastle,E08000021,CrossCountry,8,0,0,9,0,0.0148095909732017,,
2019,Newcastle,E08000021,London North Eastern Railway,11,0,0,10,0,0,,
2019,Newcastle,E08000021,Northern,16,0,0.0422264875239923,17,0,0.0282776349614396,,
2019,Newcastle,E08000021,TransPennine Express,5,0.0148604207181403,0.17683900654587,7,0,0.0534462058880526,,
2019,Newcastle,E08000021,Total,40,0.00233625680495059,0.043220750891586,43,0,0.0210386527763034,,
2019,Nottingham,E06000018,CrossCountry,5,0,0.00157232704402516,6,0,0.0708215297450425,,
2019,Nottingham,E06000018,East Midlands Trains,30,0,0.0549451837515941,33,0.0101314901057661,0.080090463111602,,
2019,Nottingham,E06000018,Northern,4,0,0.0626398210290828,3,0,0.121145374449339,,
2019,Nottingham,E06000018,Total,39,0,0.0487633303577659,42,0.00791632684335147,0.0823701885935254,,
2019,Reading,E06000038,Cross Country,9,0.00215672178289001,0.0345075485262401,11,0.00102145045965271,0.0372829417773238,,
2019,Reading,E06000038,Great Western Railway,100,0.000513423935184864,0.0175393470389826,94,0,0.00386448224551885,,
2019,Reading,E06000038,South Western Railway,10,0,0,10,0,0,,
2019,Reading,E06000038,Total,119,0.000555858535340344,0.0169505400077914,115,7.59862449908567e-05,0.00604539954343942,,
2019,Sheffield,E08000019,CrossCountry,12,0.05204021289178,0.05204021289178,12,0.0084070796460177,0.0084070796460177,,
2019,Sheffield,E08000019,East Midlands Trains,11,0,0,12,0,0.00861469634788804,,
2019,Sheffield,E08000019,Northern,33,0,0,35,0,0,,
2019,Sheffield,E08000019,TransPennine Express,6,0,0,6,0,0,,
2019,Sheffield,E08000019,Total,62,0,0,65,0,0,,
2020,Birmingham,E08000025,Avanti West Coast,10,0,0,12,0,0,,
2020,Birmingham,E08000025,Chiltern Railways [note 2],12,0,0,8,0,0,,
2020,Birmingham,E08000025,CrossCountry,24,0,0,26,0,0,,
2020,Birmingham,E08000025,Transport for Wales,3,0,0,2,,,[r],
2020,Birmingham,E08000025,West Midlands Trains,96,0,0,95,0,0,,
2020,Birmingham,E08000025,Total,145,0,0,143,0,0,,
2020,Brighton,E06000043,Govia Thameslink Railway (Southern),34,0,0,30,0,0,,
2020,Brighton,E06000043,Govia Thameslink Railway (Thameslink),12,0,0,12,0,0,,
2020,Brighton,E06000043,Great Western Railway,1,,,,,,[r],[x]
2020,Brighton,E06000043,Total,47,0,0,42,0,0,,
2020,Bristol,E06000023,CrossCountry,5,0,0,7,0,0,,
2020,Bristol,E06000023,Great Western Railway,38,0,0,41,0,0,,
2020,Bristol,E06000023,South Western Railway,1,,,,,,[r],[x]
2020,Bristol,E06000023,Total,44,0,0,48,0,0,,
2020,Cambridge,E07000008,Cross Country,2,,,2,,,[r],
2020,Cambridge,E07000008,Govia Thameslink Railway (Great Northern),19,0,0,19,0,0,,
2020,Cambridge,E07000008,Govia Thameslink Railway (Thameslink),5,0,0,5,0,0,,
2020,Cambridge,E07000008,Greater Anglia,19,0,0,20,0,0,,
2020,Cambridge,E07000008,Total,45,0,0,46,0,0,,
2020,Cardiff,W06000015,CrossCountry,3,0,0,2,,,[r],
2020,Cardiff,W06000015,Great Western Railway,12,0,0,13,0,0,,
2020,Cardiff,W06000015,Transport for Wales,42,0,0,44,0,0,,
2020,Cardiff,W06000015,Total,57,0,0,59,0,0,,
2020,Leeds,E08000035,CrossCountry,5,0,0,6,0,0,,
2020,Leeds,E08000035,London North Eastern Railway,7,0,0,8,0,0,,
2020,Leeds,E08000035,Northern,84,0,0,77,0,0,,
2020,Leeds,E08000035,TransPennine Express,24,0,0,24,0,0,,
2020,Leeds,E08000035,Total,120,0,0,115,0,0,,
2020,Leicester,E06000016,CrossCountry,7,0,0,7,0,0,,
2020,Leicester,E06000016,East Midlands Trains,23,0,0,28,0,0,,
2020,Leicester,E06000016,Total,30,0,0,35,0,0,,
2020,Liverpool,E08000012,Avanti West Coast,2,,,3,0,0,[r],
2020,Liverpool,E08000012,East Midlands Trains,2,,,3,0,0,[r],
2020,Liverpool,E08000012,Merseyrail,61,0,0,60,0,0,,
2020,Liverpool,E08000012,Northern,19,0,0,20,0,0,,
2020,Liverpool,E08000012,TransPennine Express,4,0,0,5,0,0,,
2020,Liverpool,E08000012,West Midlands Trains,3,0,0,3,0,0,,
2020,Liverpool,E08000012,Total,91,0,0,94,0,0,,
2020,London ,E12000007,Avanti West Coast,29,0,0,26,0,0,,
2020,London ,E12000007,c2c,50,0,0,48,0,0,,
2020,London ,E12000007,Chiltern Railways [note 2],25,0,0,40,0,0,,
2020,London ,E12000007,East Midlands Trains,14,0,0,15,0,0,,
2020,London ,E12000007,Govia Thameslink Railway (Great Northern),43,0,0,44,0,0,,
2020,London ,E12000007,Govia Thameslink Railway (Southern),109,0,0.004,106,0,0,,
2020,London ,E12000007,Govia Thameslink Railway (Thameslink),111,0,0,106,0,0,,
2020,London ,E12000007,Great Western Railway,40,0,0,41,0,0,,
2020,London ,E12000007,Greater Anglia [note 2],82,0,0,80,0,0,,
2020,London ,E12000007,London North Eastern Railway,13,0,0,18,0,0,,
2020,London ,E12000007,London Overground [note 2],42,0,0.023,41,0,0.008,,
2020,London ,E12000007,South Western Railway,131,0,0,125,0,0,,
2020,London ,E12000007,Southeastern,186,0,0,180,0,0,,
2020,London ,E12000007,TfL Rail [note 2],62,0,0,64,0,0.004,,
2020,London ,E12000007,West Midlands Trains,27,0,0,25,0,0,,
2020,London ,E12000007,Total,964,0.001,0.002,959,0,0.001,,
2020,Manchester,E08000003,Avanti West Coast,6,0,0,9,0,0,,
2020,Manchester,E08000003,CrossCountry,3,0,0,3,0,0,,
2020,Manchester,E08000003,East Midlands Trains,6,0,0,6,0,0,,
2020,Manchester,E08000003,Northern,102,0,0,101,0,0,,
2020,Manchester,E08000003,TransPennine Express,25,0,0,28,0,0,,
2020,Manchester,E08000003,Transport for Wales,7,0,0,6,0,0,,
2020,Manchester,E08000003,Total,149,0,0,153,0,0,,
2020,Newcastle,E08000021,CrossCountry,5,0,0,7,0,0,,
2020,Newcastle,E08000021,London North Eastern Railway,9,0,0,13,0,0,,
2020,Newcastle,E08000021,Northern,17,0,0,16,0,0,,
2020,Newcastle,E08000021,TransPennine Express,2,,,3,0,0,[r],
2020,Newcastle,E08000021,Total,33,0,0,39,0,0,,
2020,Nottingham,E06000018,CrossCountry,2,,,3,0,0,[r],
2020,Nottingham,E06000018,East Midlands Trains,15,0,0,33,0,0,,
2020,Nottingham,E06000018,Northern,4,0,0,3,0,0,,
2020,Nottingham,E06000018,Total,21,0,0,39,0,0,,
2020,Reading,E06000038,Cross Country,5,0,0,5,0,0,,
2020,Reading,E06000038,Great Western Railway,87,0,0,84,0,0,,
2020,Reading,E06000038,South Western Railway,6,0,0,9,0,0,,
2020,Reading,E06000038,Total,98,0,0,98,0,0,,
2020,Sheffield,E08000019,CrossCountry,7,0,0,7,0,0,,
2020,Sheffield,E08000019,East Midlands Trains,6,0,0,12,0,0,,
2020,Sheffield,E08000019,Northern,28,0,0,27,0,0,,
2020,Sheffield,E08000019,TransPennine Express,5,0,0,6,0,0,,
2020,Sheffield,E08000019,Total,46,0,0,52,0,0,,
2021,Birmingham,E08000025,Avanti West Coast,8,0,0,5,0,0,,
2021,Birmingham,E08000025,Chiltern Railways [note 2],8,0,0.102507374631268,6,0,0,,
2021,Birmingham,E08000025,CrossCountry,27,0,0,30,0,0.000399042298483639,,
2021,Birmingham,E08000025,Transport for Wales,6,0.22522723222242,0.22522723222242,6,0.0453329243144674,0.0453329243144674,,
2021,Birmingham,E08000025,West Midlands Trains,96,0,0.0206749049429658,94,0,0.00878519897602979,,
2021,Birmingham,E08000025,Total,145,0.00705211820367248,0.0274342046439603,141,0.00149974910935109,0.00753821262858047,,
2021,Brighton,E06000043,Govia Thameslink Railway (Southern),28,0,0.00819964349376114,22,0,0.0916114790286976,,
2021,Brighton,E06000043,Govia Thameslink Railway (Thameslink),12,0,0,12,0,0,,
2021,Brighton,E06000043,Total,40,0,0.00519496296364728,34,0,0.060050757963972,,
2021,Bristol,E06000023,CrossCountry,5,0,0,7,0,0,,
2021,Bristol,E06000023,Great Western Railway,38,0.0412487630294019,0.0412487630294019,44,0.0240484032074389,0.0240484032074389,,
2021,Bristol,E06000023,Total,43,0.0365888910630777,0.0365888910630777,51,0.0195012615027077,0.0195012615027077,,
2021,Cambridge,E07000008,Cross Country,6,0,0,6,0,0,,
2021,Cambridge,E07000008,Govia Thameslink Railway (Great Northern),16,0,0,16,0,0,,
2021,Cambridge,E07000008,Govia Thameslink Railway (Thameslink),5,0,0,6,0,0,,
2021,Cambridge,E07000008,Greater Anglia,19,0,0.0138057984353428,17,0,0,,
2021,Cambridge,E07000008,Total,46,0,0.00519231209507436,45,0,0,,
2021,Cardiff,W06000015,CrossCountry,3,0,0,3,0,0,,
2021,Cardiff,W06000015,Great Western Railway,13,0,0,13,0,0,,
2021,Cardiff,W06000015,Transport for Wales,77,0.0406237079038674,0.0406237079038674,81,0.0330499974348687,0.0330499974348687,,
2021,Cardiff,W06000015,Total,93,0.0308784679581499,0.0308784679581499,97,0.0239342404867383,0.0239342404867383,,
2021,Leeds,E08000035,CrossCountry,6,0,0,6,0,0,,
2021,Leeds,E08000035,London North Eastern Railway,7,0,0,8,0,0,,
2021,Leeds,E08000035,Northern,77,0.00213905997679669,0.00388754636555601,72,0,0,,
2021,Leeds,E08000035,TransPennine Express,23,0,0.00351953347655408,23,0,0,,
2021,Leeds,E08000035,Total,113,0.00149034682237047,0.00347267719394579,109,0,0,,
2021,Leicester,E06000016,CrossCountry,9,0,0,10,0,0,,
2021,Leicester,E06000016,East Midlands Trains,25,0,0.0497834859328993,26,0,0.0101466941443957,,
2021,Leicester,E06000016,Total,34,0,0.040864166560054,36,0.00113511573777928,0,,
2021,Liverpool,E08000012,Avanti West Coast,2,0,0,2,0,0,,
2021,Liverpool,E08000012,East Midlands Trains,2,0,0,1,0,0,,
2021,Liverpool,E08000012,Merseyrail,72,0,0.0247740432906223,72,0.00156983338631943,0.0347337777556108,,
2021,Liverpool,E08000012,Northern,20,0,0,20,0,0,,
2021,Liverpool,E08000012,TransPennine Express,3,0,0,4,0,0,,
2021,Liverpool,E08000012,Transport for Wales,1,0,0,1,0,0,,
2021,Liverpool,E08000012,West Midlands Trains,3,0,0,3,0,0,,
2021,Liverpool,E08000012,Total,103,0,0.0194600643404275,103,0.00121790675279006,0.0269471288145098,,
2021,London ,E12000007,Avanti West Coast,13,0.0100657910418365,0.0100657910418365,16,0,0,,
2021,London ,E12000007,c2c,41,0.00594624964884352,0.0343196928551362,40,0,0.0316718035923052,,
2021,London ,E12000007,Chiltern Railways [note 2],33,0.0217298070050036,0.0217298070050036,33,0.00749175906502847,0.00749175906502847,,
2021,London ,E12000007,East Midlands Trains,18,0,0.0285027859781074,18,0,0,,
2021,London ,E12000007,Govia Thameslink Railway (Great Northern),38,0.00857424690795963,0.112527505880568,39,0.00820265379975875,0.048572577402493,,
2021,London ,E12000007,Govia Thameslink Railway (Southern),97,0,0.0363474952441344,95,0,0.00953035116338971,,
2021,London ,E12000007,Govia Thameslink Railway (Thameslink),90,0.00720077165832969,0.106882475369944,96,0,0.0260380540133956,,
2021,London ,E12000007,Great Western Railway,40,0,0.00146619555539804,36,0.0115058502102537,0.0176534964095648,,
2021,London ,E12000007,Greater Anglia [note 2],76,0,0,74,0,0,,
2021,London ,E12000007,London North Eastern Railway,17,0,0,17,0,0,,
2021,London ,E12000007,London Overground [note 2],40,0,0.0870991253644315,39,0,0.0633913004604587,,
2021,London ,E12000007,South Western Railway,130,0.000645357904738003,0.108061595826686,122,0,0.0429146084745409,,
2021,London ,E12000007,Southeastern,170,0,0.0252089901940933,163,0,0.013218624855766,,
2021,London ,E12000007,TfL Rail [note 2],57,0,0.258621837549933,57,0,0.251379905861637,,
2021,London ,E12000007,West Midlands Trains,27,0,0.0184650169576686,25,0.00784006272050176,0.0249575329935973,,
2021,London ,E12000007,Total,887,0.00225716970743962,0.07424277490747,870,0.000979421164035385,0.0451049550314921,,
2021,Manchester,E08000003,Avanti West Coast,5,0.00398273214108506,0.00398273214108506,6,0.00398273214108506,0.00398273214108506,,
2021,Manchester,E08000003,CrossCountry,3,0.00398273214108506,0.00398273214108506,3,0.00398273214108506,0.00398273214108506,,
2021,Manchester,E08000003,East Midlands Trains,3,0,0,4,0,0,,
2021,Manchester,E08000003,Northern,114,0,0,110,0,0,,
2021,Manchester,E08000003,TransPennine Express,29,0,0,26,0.00128999186182886,0.00128999186182886,,
2021,Manchester,E08000003,Transport for Wales,9,0.0743863895308034,0.0743863895308034,10,0.028415397593571,0.028415397593571,,
2021,Manchester,E08000003,Total,163,0.00398273214108506,0.00398273214108506,159,0.00209109363985445,0.00209109363985445,,
2021,Newcastle,E08000021,CrossCountry,6,0,0,7,0,0,,
2021,Newcastle,E08000021,London North Eastern Railway,11,0,0,11,0,0,,
2021,Newcastle,E08000021,Northern,16,0,0,16,0,0,,
2021,Newcastle,E08000021,TransPennine Express,2,0,0,3,0,0,,
2021,Newcastle,E08000021,Total,35,0,0,37,0,0,,
2021,Nottingham,E06000018,CrossCountry,7,0,0,6,0,0,,
2021,Nottingham,E06000018,East Midlands Trains,24,0,0,29,0,0.0284380839662814,,
2021,Nottingham,E06000018,Northern,4,0,0,3,0,0,,
2021,Nottingham,E06000018,Total,35,0,0,38,0,0.021946799476037,,
2021,Reading,E06000038,Cross Country,5,0,0,5,0,0,,
2021,Reading,E06000038,Great Western Railway,79,0,0,67,0,0.00353307762443951,,
2021,Reading,E06000038,South Western Railway,6,0,0,6,0,0,,
2021,Reading,E06000038,TfL Rail,11,0,0.0595159370453644,11,0,0,,
2021,Reading,E06000038,Total,101,0,0.0144404661433568,89,0,0.00282304967978065,,
2021,Sheffield,E08000019,CrossCountry,8,0,0,6,0,0,,
2021,Sheffield,E08000019,East Midlands Trains,10,0,0,11,0,0,,
2021,Sheffield,E08000019,Northern,28,0,0.0113258084870556,29,0,0.00639443623101186,,
2021,Sheffield,E08000019,TransPennine Express,6,0,0,4,0,0,,
2021,Sheffield,E08000019,Total,52,0,0.00620755865250139,50,0,0.00284557024307537,,
2022,Birmingham,E08000025,Avanti,16,0,0,19,0,0,,
2022,Birmingham,E08000025,Chiltern,7,0.0258519388954172,0.243830787309048,6,0,0.0802588996763754,,
2022,Birmingham,E08000025,CrossCountry,28,0,0.0195463765443481,32,0.00476579520697168,0.0437091503267974,,
2022,Birmingham,E08000025,TfW,6,0,0,6,0.0802083333333333,0.0802083333333333,,
2022,Birmingham,E08000025,West Midlands,95,0.00397665874216555,0.061162740436568,94,0.00687285223367698,0.0378006872852234,,
2022,Birmingham ,E08000025,Total,152,0.00398385537410444,0.0567113529725456,157,0.00716545994512121,0.0368586916874038,,
2022,Brighton,E06000043,Govia Thameslink (Southern),34,0,0.0654115375331885,33,0,0.0707425626610447,,
2022,Brighton,E06000043,Govia Thameslink (Thameslink),12,0,0,12,0,0,,
2022,Brighton,E06000043,Total,46,0,0.0443767666861482,45,0,0.0437248646640487,,
2022,Bristol,E06000023,CrossCountry,4,0,0,8,0.0503937007874016,0.0503937007874016,,
2022,Bristol,E06000023,Great Western,42,0,0.00344588712380994,43,0,0.00728160160019332,,
2022,Bristol,E06000023,Total,46,0,0.00306323315128919,51,0.00719752172226533,0.0134391225907923,,
2022,Cambridge,E07000008,CrossCountry,6,0,0,4,0,0,,
2022,Cambridge,E07000008,Govia Thameslink (Great Northern),18,0,0.018841287048144,19,0,0,,
2022,Cambridge,E07000008,Govia Thameslink (Thameslink),5,0,0,6,0,0,,
2022,Cambridge,E07000008,Greater Anglia,19,0,0,18,0,0,,
2022,Cambridge,E07000008,Total,48,0,0.00898316350938407,47,0,0,,
2022,Cardiff,W06000015,CrossCountry,3,0,0,3,0,0,,
2022,Cardiff,W06000015,Great Western,15,0,0.00590501079170704,15,0,0,,
2022,Cardiff,W06000015,TfW,94,0.0233456047409536,0.0233456047409536,98,0.0651939349196434,0.0651939349196434,,
2022,Cardiff,W06000015,Total,112,0.0154107349328063,0.0172735710235851,116,0.0472582518258422,0.0472582518258422,,
2022,Leeds,E08000035,CrossCountry,6,0,0,6,0,0.00359928014397121,,
2022,Leeds,E08000035,LNER,7,0,0,8,0,0,,
2022,Leeds,E08000035,Northern,72,0,0.0159215500273175,75,0,0.0168172146872281,,
2022,Leeds,E08000035,TPE,23,0.0322855535648729,0.0577718885506439,23,0.00477486051165196,0.041999169235381,,
2022,Leeds,E08000035,Total,108,0.00867691088452253,0.024886887529876,112,0.00137261389779393,0.0212928775110102,,
2022,Leicester,E06000016,CrossCountry,8,0,0,10,0,0,,
2022,Leicester,E06000016,East Midlands,24,0,0.0252427729085609,26,0,0.0795793125145839,,
2022,Leicester,E06000016,Total,32,0,0.0195315173589566,36,0,0.0679703894203103,,
2022,Liverpool,E08000012,Avanti,3,0,0,5,0,0,,
2022,Liverpool,E08000012,East Midlands,2,0,0,3,0,0.0566201525231219,,
2022,Liverpool,E08000012,MerseyRail,85,0,0.0156048504978205,90,0,0.0344934651863754,,
2022,Liverpool,E08000012,Northern,18,0,0,17,0,0,,
2022,Liverpool,E08000012,TPE,3,0,0,4,0,0,,
2022,Liverpool,E08000012,TfW,2,0,0,1,0,0,,
2022,Liverpool,E08000012,West Midlands,3,0,0,3,0,0,,
2022,Liverpool,E08000012,Total,116,0,0.01168879998646,123,0,0.0253557497464739,,
2022,London,E12000007,Avanti,27,0.0829182621641008,0.0829182621641008,25,0,0,,
2022,London,E12000007,C2C,41,0.0205335731414868,0.150367206235012,40,0.00804812279610039,0.0901057871810828,,
2022,London,E12000007,Chiltern,33,0.0869565217391304,0.107908715325595,33,0.0512730670404111,0.0624854006073347,,
2022,London,E12000007,East Midlands,17,0,0.113439673294705,17,0.0808606111405451,0.214294856421109,,
2022,London,E12000007,Elizabeth Line,89,0,0.490730317427003,89,0,0.424746035857147,,
2022,London,E12000007,Govia Thameslink (Great Northern),41,0.00128287363694676,0.271808851828095,40,0,0.169140745303357,,
2022,London,E12000007,Govia Thameslink (Southern),105,0.0163960458930486,0.132875461510977,101,0,0.063940641499779,,
2022,London,E12000007,Govia Thameslink (Thameslink),108,0,0.239631935503324,108,0,0.123663176417353,,
2022,London,E12000007,Great Western,40,0.00545382632898773,0.0546963392890281,37,0.0216582648412087,0.0216582648412087,,
2022,London,E12000007,Greater Anglia,58,0,0.00432800182149717,60,0,0.000551202377735747,,
2022,London,E12000007,LNER,14,0,0,16,0,0,,
2022,London,E12000007,London Overground,43,0,0.418748978368659,40,0,0.291395036413774,,
2022,London,E12000007,South Western,127,0.0250553922046794,0.198338930616909,122,0.00237512850508703,0.0988691552341451,,
2022,London,E12000007,Southeastern,170,0.00652945509743956,0.0956760497354734,163,0.00250355233777657,0.0471209148115569,,
2022,London,E12000007,West Midlands,22,0.0629501726689689,0.169018253576714,23,0.0395173453996983,0.121367521367521,,
2022,London,E12000007,Total,935,0.0122673382126303,0.210038676309909,914,0.00456158783799634,0.140149820654221,,
2022,Manchester,E08000003,Avanti,6,0,0,8,0,0,,
2022,Manchester,E08000003,CrossCountry,4,0,0,4,0,0.0193798449612403,,
2022,Manchester,E08000003,East Midlands,3,0,0.0562248995983936,7,0,0.124836022469596,,
2022,Manchester,E08000003,Northern,102,0,0.00618229732976694,97,0,0.000995622311233465,,
2022,Manchester,E08000003,TPE,26,0,0.0190435203553343,28,0,0.0162458956804906,,
2022,Manchester,E08000003,TfW,9,0.118210862619808,0.118210862619808,9,0.0156971375807941,0.0156971375807941,,
2022,Manchester,E08000003,Total,150,0.00370626657426849,0.0125545407730982,153,0.00071573306876206,0.0118777529777628,,
2022,Newcastle,E08000021,CrossCountry,6,0,0,8,0,0,,
2022,Newcastle,E08000021,LNER,11,0,0,11,0,0,,
2022,Newcastle,E08000021,Northern,16,0,0,14,0,0,,
2022,Newcastle,E08000021,TPE,4,0,0,4,0,0,,
2022,Newcastle,E08000021,Total,37,0,0,37,0,0,,
2022,Nottingham,E06000018,CrossCountry,7,0,0,6,0.0140845070422535,0.0860719874804382,,
2022,Nottingham,E06000018,East Midlands,26,0,0.0392714376560267,25,0.147025960409735,0.185713516001014,,
2022,Nottingham,E06000018,Northern,4,0,0,3,0,0,,
2022,Nottingham,E06000018,Total,37,0,0.0271233802444995,34,0.1167932595158,0.158336269883658,,
2022,Reading,E06000038,CrossCountry,5,0,0,5,0,0,,
2022,Reading,E06000038,Elizabeth Line,12,0,0,12,0,0.0176938071674914,,
2022,Reading,E06000038,Great Western,85,0.000451798207020823,0.00290526849099795,79,0,0.000402388075333869,,
2022,Reading,E06000038,South Western,6,0,0,6,0,0,,
2022,Reading,E06000038,Total,108,0.00036644105016303,0.00235638304956306,102,0,0.00307321713909957,,
2022,Sheffield,E08000019,CrossCountry,8,0,0,6,0,0,,
2022,Sheffield,E08000019,East Midlands,10,0,0.0182347235693502,10,0,0.0534724292101341,,
2022,Sheffield,E08000019,Northern,29,0,0.00373089191711941,30,0,0.024087394851726,,
2022,Sheffield,E08000019,TPE,6,0,0,6,0,0,,
2022,Sheffield,E08000019,Total,53,0,0.00493898150178029,52,0,0.0217575158327149,,
